[{"model": "home.homepage", "pk": 3, "fields": {"hero_text": "", "hero_heading": "", "hero_image": null, "body": "[]"}}, {"model": "categories.categorypage", "pk": 14, "fields": {}}, {"model": "categories.categorypage", "pk": 15, "fields": {}}, {"model": "categories.categorypage", "pk": 16, "fields": {}}, {"model": "categories.categorypage", "pk": 17, "fields": {}}, {"model": "categories.categorypage", "pk": 18, "fields": {}}, {"model": "categories.categorypage", "pk": 19, "fields": {}}, {"model": "categories.categorypage", "pk": 20, "fields": {}}, {"model": "categories.categorypage", "pk": 21, "fields": {}}, {"model": "categories.categorypage", "pk": 22, "fields": {}}, {"model": "categories.categorypage", "pk": 23, "fields": {}}, {"model": "categories.categorypage", "pk": 24, "fields": {}}, {"model": "categories.categorypage", "pk": 25, "fields": {}}, {"model": "categories.categorypage", "pk": 26, "fields": {}}, {"model": "categories.categorypage", "pk": 27, "fields": {}}, {"model": "categories.categorypage", "pk": 28, "fields": {}}, {"model": "categories.categorypage", "pk": 29, "fields": {}}, {"model": "categories.categorypage", "pk": 30, "fields": {}}, {"model": "categories.categorypage", "pk": 31, "fields": {}}, {"model": "categories.categorypage", "pk": 32, "fields": {}}, {"model": "categories.categorypage", "pk": 33, "fields": {}}, {"model": "categories.categorypage", "pk": 34, "fields": {}}, {"model": "categories.categorypage", "pk": 35, "fields": {}}, {"model": "categories.categorypage", "pk": 36, "fields": {}}, {"model": "categories.categorypage", "pk": 37, "fields": {}}, {"model": "categories.categorypage", "pk": 38, "fields": {}}, {"model": "categories.categorypage", "pk": 39, "fields": {}}, {"model": "categories.categorypage", "pk": 40, "fields": {}}, {"model": "categories.categorypage", "pk": 41, "fields": {}}, {"model": "categories.categorypage", "pk": 42, "fields": {}}, {"model": "categories.categorypage", "pk": 43, "fields": {}}, {"model": "posts.post", "pk": 14, "fields": {"body": "", "wp_id": null, "source": null, "wp_slug": null, "wp_link": null, "author": ""}}, {"model": "posts.post", "pk": 15, "fields": {"body": "", "wp_id": null, "source": null, "wp_slug": null, "wp_link": null, "author": ""}}, {"model": "posts.post", "pk": 16, "fields": {"body": "", "wp_id": null, "source": null, "wp_slug": null, "wp_link": null, "author": ""}}, {"model": "posts.post", "pk": 17, "fields": {"body": "", "wp_id": null, "source": null, "wp_slug": null, "wp_link": null, "author": ""}}, {"model": "posts.post", "pk": 18, "fields": {"body": "", "wp_id": null, "source": null, "wp_slug": null, "wp_link": null, "author": ""}}, {"model": "posts.post", "pk": 19, "fields": {"body": "", "wp_id": null, "source": null, "wp_slug": null, "wp_link": null, "author": ""}}, {"model": "posts.post", "pk": 20, "fields": {"body": "", "wp_id": null, "source": null, "wp_slug": null, "wp_link": null, "author": ""}}, {"model": "posts.post", "pk": 21, "fields": {"body": "", "wp_id": null, "source": null, "wp_slug": null, "wp_link": null, "author": ""}}, {"model": "posts.post", "pk": 22, "fields": {"body": "", "wp_id": null, "source": null, "wp_slug": null, "wp_link": null, "author": ""}}, {"model": "posts.post", "pk": 23, "fields": {"body": "", "wp_id": null, "source": null, "wp_slug": null, "wp_link": null, "author": ""}}, {"model": "blogs.blog", "pk": 24, "fields": {"body": "", "wp_id": null, "source": null, "wp_slug": null, "wp_link": null, "author": ""}}, {"model": "blogs.blog", "pk": 25, "fields": {"body": "", "wp_id": null, "source": null, "wp_slug": null, "wp_link": null, "author": ""}}, {"model": "blogs.blog", "pk": 26, "fields": {"body": "", "wp_id": null, "source": null, "wp_slug": null, "wp_link": null, "author": ""}}, {"model": "blogs.blog", "pk": 27, "fields": {"body": "", "wp_id": null, "source": null, "wp_slug": null, "wp_link": null, "author": ""}}, {"model": "blogs.blog", "pk": 28, "fields": {"body": "", "wp_id": null, "source": null, "wp_slug": null, "wp_link": null, "author": ""}}, {"model": "blogs.blog", "pk": 29, "fields": {"body": "", "wp_id": null, "source": null, "wp_slug": null, "wp_link": null, "author": ""}}, {"model": "blogs.blog", "pk": 30, "fields": {"body": "", "wp_id": null, "source": null, "wp_slug": null, "wp_link": null, "author": ""}}, {"model": "blogs.blog", "pk": 31, "fields": {"body": "", "wp_id": null, "source": null, "wp_slug": null, "wp_link": null, "author": ""}}, {"model": "blogs.blog", "pk": 32, "fields": {"body": "", "wp_id": null, "source": null, "wp_slug": null, "wp_link": null, "author": ""}}, {"model": "blogs.blog", "pk": 33, "fields": {"body": "", "wp_id": null, "source": null, "wp_slug": null, "wp_link": null, "author": ""}}, {"model": "pages.basepage", "pk": 4, "fields": {"md_owner": "", "md_description": "", "md_gateway_ref": "", "md_pcc_reference": "", "excerpt": "", "body": "[]", "wp_id": null, "parent": null, "source": null, "wp_template": null, "wp_slug": null, "real_parent": null, "wp_link": null, "raw_content": null, "model_fields": null, "content_fields": null, "content_field_blocks": null, "component_fields": null, "author": ""}}, {"model": "pages.basepage", "pk": 5, "fields": {"md_owner": "", "md_description": "", "md_gateway_ref": "", "md_pcc_reference": "", "excerpt": "", "body": "[]", "wp_id": null, "parent": null, "source": null, "wp_template": null, "wp_slug": null, "real_parent": null, "wp_link": null, "raw_content": null, "model_fields": null, "content_fields": null, "content_field_blocks": null, "component_fields": null, "author": ""}}, {"model": "pages.basepage", "pk": 6, "fields": {"md_owner": "", "md_description": "", "md_gateway_ref": "", "md_pcc_reference": "", "excerpt": "", "body": "[]", "wp_id": null, "parent": null, "source": null, "wp_template": null, "wp_slug": null, "real_parent": null, "wp_link": null, "raw_content": null, "model_fields": null, "content_fields": null, "content_field_blocks": null, "component_fields": null, "author": ""}}, {"model": "pages.basepage", "pk": 7, "fields": {"md_owner": "", "md_description": "", "md_gateway_ref": "", "md_pcc_reference": "", "excerpt": "", "body": "[]", "wp_id": null, "parent": null, "source": null, "wp_template": null, "wp_slug": null, "real_parent": null, "wp_link": null, "raw_content": null, "model_fields": null, "content_fields": null, "content_field_blocks": null, "component_fields": null, "author": ""}}, {"model": "pages.basepage", "pk": 8, "fields": {"md_owner": "", "md_description": "", "md_gateway_ref": "", "md_pcc_reference": "", "excerpt": "", "body": "[]", "wp_id": null, "parent": null, "source": null, "wp_template": null, "wp_slug": null, "real_parent": null, "wp_link": null, "raw_content": null, "model_fields": null, "content_fields": null, "content_field_blocks": null, "component_fields": null, "author": ""}}, {"model": "pages.basepage", "pk": 9, "fields": {"md_owner": "", "md_description": "", "md_gateway_ref": "", "md_pcc_reference": "", "excerpt": "", "body": "[]", "wp_id": null, "parent": null, "source": null, "wp_template": null, "wp_slug": null, "real_parent": null, "wp_link": null, "raw_content": null, "model_fields": null, "content_fields": null, "content_field_blocks": null, "component_fields": null, "author": ""}}, {"model": "pages.basepage", "pk": 10, "fields": {"md_owner": "", "md_description": "", "md_gateway_ref": "", "md_pcc_reference": "", "excerpt": "", "body": "[]", "wp_id": null, "parent": null, "source": null, "wp_template": null, "wp_slug": null, "real_parent": null, "wp_link": null, "raw_content": null, "model_fields": null, "content_fields": null, "content_field_blocks": null, "component_fields": null, "author": ""}}, {"model": "pages.basepage", "pk": 11, "fields": {"md_owner": "", "md_description": "", "md_gateway_ref": "", "md_pcc_reference": "", "excerpt": "", "body": "[]", "wp_id": null, "parent": null, "source": null, "wp_template": null, "wp_slug": null, "real_parent": null, "wp_link": null, "raw_content": null, "model_fields": null, "content_fields": null, "content_field_blocks": null, "component_fields": null, "author": ""}}, {"model": "pages.basepage", "pk": 12, "fields": {"md_owner": "", "md_description": "", "md_gateway_ref": "", "md_pcc_reference": "", "excerpt": "", "body": "[]", "wp_id": null, "parent": null, "source": null, "wp_template": null, "wp_slug": null, "real_parent": null, "wp_link": null, "raw_content": null, "model_fields": null, "content_fields": null, "content_field_blocks": null, "component_fields": null, "author": ""}}, {"model": "pages.basepage", "pk": 13, "fields": {"md_owner": "", "md_description": "", "md_gateway_ref": "", "md_pcc_reference": "", "excerpt": "", "body": "[]", "wp_id": null, "parent": null, "source": null, "wp_template": null, "wp_slug": null, "real_parent": null, "wp_link": null, "raw_content": null, "model_fields": null, "content_fields": null, "content_field_blocks": null, "component_fields": null, "author": ""}}, {"model": "publications.publication", "pk": 34, "fields": {"body": "", "documents": "[]", "wp_id": null, "source": null, "wp_slug": null, "wp_link": null, "component_fields": null, "author": ""}}, {"model": "publications.publication", "pk": 35, "fields": {"body": "", "documents": "[]", "wp_id": null, "source": null, "wp_slug": null, "wp_link": null, "component_fields": null, "author": ""}}, {"model": "publications.publication", "pk": 36, "fields": {"body": "", "documents": "[]", "wp_id": null, "source": null, "wp_slug": null, "wp_link": null, "component_fields": null, "author": ""}}, {"model": "publications.publication", "pk": 37, "fields": {"body": "", "documents": "[]", "wp_id": null, "source": null, "wp_slug": null, "wp_link": null, "component_fields": null, "author": ""}}, {"model": "publications.publication", "pk": 38, "fields": {"body": "", "documents": "[]", "wp_id": null, "source": null, "wp_slug": null, "wp_link": null, "component_fields": null, "author": ""}}, {"model": "publications.publication", "pk": 39, "fields": {"body": "", "documents": "[]", "wp_id": null, "source": null, "wp_slug": null, "wp_link": null, "component_fields": null, "author": ""}}, {"model": "publications.publication", "pk": 40, "fields": {"body": "", "documents": "[]", "wp_id": null, "source": null, "wp_slug": null, "wp_link": null, "component_fields": null, "author": ""}}, {"model": "publications.publication", "pk": 41, "fields": {"body": "", "documents": "[]", "wp_id": null, "source": null, "wp_slug": null, "wp_link": null, "component_fields": null, "author": ""}}, {"model": "publications.publication", "pk": 42, "fields": {"body": "", "documents": "[]", "wp_id": null, "source": null, "wp_slug": null, "wp_link": null, "component_fields": null, "author": ""}}, {"model": "publications.publication", "pk": 43, "fields": {"body": "", "documents": "[]", "wp_id": null, "source": null, "wp_slug": null, "wp_link": null, "component_fields": null, "author": ""}}, {"model": "wagtailcore.locale", "pk": 1, "fields": {"language_code": "en"}}, {"model": "wagtailcore.site", "pk": 2, "fields": {"hostname": "localhost", "port": 80, "site_name": "", "root_page": 3, "is_default_site": true}}, {"model": "wagtailcore.collection", "pk": 1, "fields": {"path": "0001", "depth": 1, "numchild": 0, "name": "Root"}}, {"model": "wagtailcore.groupcollectionpermission", "pk": 1, "fields": {"group": 2, "collection": 1, "permission": 1}}, {"model": "wagtailcore.groupcollectionpermission", "pk": 2, "fields": {"group": 1, "collection": 1, "permission": 1}}, {"model": "wagtailcore.groupcollectionpermission", "pk": 3, "fields": {"group": 2, "collection": 1, "permission": 2}}, {"model": "wagtailcore.groupcollectionpermission", "pk": 4, "fields": {"group": 1, "collection": 1, "permission": 2}}, {"model": "wagtailcore.groupcollectionpermission", "pk": 5, "fields": {"group": 2, "collection": 1, "permission": 5}}, {"model": "wagtailcore.groupcollectionpermission", "pk": 6, "fields": {"group": 1, "collection": 1, "permission": 5}}, {"model": "wagtailcore.groupcollectionpermission", "pk": 7, "fields": {"group": 2, "collection": 1, "permission": 6}}, {"model": "wagtailcore.groupcollectionpermission", "pk": 8, "fields": {"group": 1, "collection": 1, "permission": 6}}, {"model": "wagtailcore.page", "pk": 1, "fields": {"path": "0001", "depth": 1, "numchild": 1, "translation_key": "6c78e344-3e53-4069-be55-c19fa9cbc20b", "locale": 1, "title": "Root", "draft_title": "Root", "slug": "root", "content_type": 1, "live": true, "has_unpublished_changes": false, "url_path": "/", "owner": null, "seo_title": "", "show_in_menus": false, "search_description": "", "go_live_at": null, "expire_at": null, "expired": false, "locked": false, "locked_at": null, "locked_by": null, "first_published_at": null, "last_published_at": null, "latest_revision_created_at": null, "live_revision": null, "alias_of": null}}, {"model": "wagtailcore.page", "pk": 3, "fields": {"path": "00010001", "depth": 2, "numchild": 50, "translation_key": "b1649fc9-48d5-4acf-9b11-b655eee6777a", "locale": 1, "title": "Home", "draft_title": "Home", "slug": "home", "content_type": 4, "live": true, "has_unpublished_changes": false, "url_path": "/home/", "owner": null, "seo_title": "", "show_in_menus": false, "search_description": "", "go_live_at": null, "expire_at": null, "expired": false, "locked": false, "locked_at": null, "locked_by": null, "first_published_at": null, "last_published_at": null, "latest_revision_created_at": null, "live_revision": null, "alias_of": null}}, {"model": "wagtailcore.page", "pk": 4, "fields": {"path": "000100010001", "depth": 3, "numchild": 0, "translation_key": "61aa4e2e-c2cf-4502-8b2a-16702a058efa", "locale": 1, "title": "Abiogenesis corneal diagnostician", "draft_title": "Abiogenesis corneal diagnostician", "slug": "abiogenesis-corneal-diagnostician", "content_type": 17, "live": true, "has_unpublished_changes": false, "url_path": "/home/abiogenesis-corneal-diagnostician/", "owner": null, "seo_title": "", "show_in_menus": false, "search_description": "", "go_live_at": null, "expire_at": null, "expired": false, "locked": false, "locked_at": null, "locked_by": null, "first_published_at": "2021-11-13T15:17:33Z", "last_published_at": null, "latest_revision_created_at": "2021-11-13T15:17:33Z", "live_revision": null, "alias_of": null}}, {"model": "wagtailcore.page", "pk": 5, "fields": {"path": "000100010002", "depth": 3, "numchild": 0, "translation_key": "a962ebb1-0007-4f5d-9572-75e6dcfaff16", "locale": 1, "title": "Cystoparalysis cardiology blepharospasm.", "draft_title": "Cystoparalysis cardiology blepharospasm.", "slug": "cystoparalysis-cardiology-blepharospasm", "content_type": 17, "live": true, "has_unpublished_changes": false, "url_path": "/home/cystoparalysis-cardiology-blepharospasm/", "owner": null, "seo_title": "", "show_in_menus": false, "search_description": "", "go_live_at": null, "expire_at": null, "expired": false, "locked": false, "locked_at": null, "locked_by": null, "first_published_at": "2020-09-30T01:24:46Z", "last_published_at": null, "latest_revision_created_at": "2020-09-30T01:24:46Z", "live_revision": null, "alias_of": null}}, {"model": "wagtailcore.page", "pk": 6, "fields": {"path": "000100010003", "depth": 3, "numchild": 0, "translation_key": "40003f13-15e7-4010-8262-1f638ced2ac8", "locale": 1, "title": "Anastomosis cerebrum uranoplasty", "draft_title": "Anastomosis cerebrum uranoplasty", "slug": "anastomosis-cerebrum-uranoplasty", "content_type": 17, "live": true, "has_unpublished_changes": false, "url_path": "/home/anastomosis-cerebrum-uranoplasty/", "owner": null, "seo_title": "", "show_in_menus": false, "search_description": "", "go_live_at": null, "expire_at": null, "expired": false, "locked": false, "locked_at": null, "locked_by": null, "first_published_at": "2021-10-03T14:36:40Z", "last_published_at": null, "latest_revision_created_at": "2021-10-03T14:36:40Z", "live_revision": null, "alias_of": null}}, {"model": "wagtailcore.page", "pk": 7, "fields": {"path": "000100010004", "depth": 3, "numchild": 0, "translation_key": "e5b182f3-6861-4612-928f-50337d16c091", "locale": 1, "title": "Disease cephalic amniotic", "draft_title": "Disease cephalic amniotic", "slug": "disease-cephalic-amniotic", "content_type": 17, "live": true, "has_unpublished_changes": false, "url_path": "/home/disease-cephalic-amniotic/", "owner": null, "seo_title": "", "show_in_menus": false, "search_description": "", "go_live_at": null, "expire_at": null, "expired": false, "locked": false, "locked_at": null, "locked_by": null, "first_published_at": "2021-07-18T19:45:20Z", "last_published_at": null, "latest_revision_created_at": "2021-07-18T19:45:20Z", "live_revision": null, "alias_of": null}}, {"model": "wagtailcore.page", "pk": 8, "fields": {"path": "000100010005", "depth": 3, "numchild": 0, "translation_key": "6976947f-1c4c-495e-85a9-088457b8a5c2", "locale": 1, "title": "Amnion anemia conception", "draft_title": "Amnion anemia conception", "slug": "amnion-anemia-conception", "content_type": 17, "live": true, "has_unpublished_changes": false, "url_path": "/home/amnion-anemia-conception/", "owner": null, "seo_title": "", "show_in_menus": false, "search_description": "", "go_live_at": null, "expire_at": null, "expired": false, "locked": false, "locked_at": null, "locked_by": null, "first_published_at": "2019-10-31T07:08:14Z", "last_published_at": null, "latest_revision_created_at": "2019-10-31T07:08:14Z", "live_revision": null, "alias_of": null}}, {"model": "wagtailcore.page", "pk": 9, "fields": {"path": "000100010006", "depth": 3, "numchild": 0, "translation_key": "3aefc618-cb07-42af-bcd8-1df632537d23", "locale": 1, "title": "Antipyretic chemotherapy chronic", "draft_title": "Antipyretic chemotherapy chronic", "slug": "antipyretic-chemotherapy-chronic", "content_type": 17, "live": true, "has_unpublished_changes": false, "url_path": "/home/antipyretic-chemotherapy-chronic/", "owner": null, "seo_title": "", "show_in_menus": false, "search_description": "", "go_live_at": null, "expire_at": null, "expired": false, "locked": false, "locked_at": null, "locked_by": null, "first_published_at": "2020-08-02T20:02:23Z", "last_published_at": null, "latest_revision_created_at": "2020-08-02T20:02:23Z", "live_revision": null, "alias_of": null}}, {"model": "wagtailcore.page", "pk": 10, "fields": {"path": "000100010007", "depth": 3, "numchild": 0, "translation_key": "cfddf912-bfc3-414a-9558-ae839d88b2cf", "locale": 1, "title": "Cyanosis angiology blepharospasm", "draft_title": "Cyanosis angiology blepharospasm", "slug": "cyanosis-angiology-blepharospasm", "content_type": 17, "live": true, "has_unpublished_changes": false, "url_path": "/home/cyanosis-angiology-blepharospasm/", "owner": null, "seo_title": "", "show_in_menus": false, "search_description": "", "go_live_at": null, "expire_at": null, "expired": false, "locked": false, "locked_at": null, "locked_by": null, "first_published_at": "2021-09-01T00:47:36Z", "last_published_at": null, "latest_revision_created_at": "2021-09-01T00:47:36Z", "live_revision": null, "alias_of": null}}, {"model": "wagtailcore.page", "pk": 11, "fields": {"path": "000100010008", "depth": 3, "numchild": 0, "translation_key": "be4338d5-1e28-4182-bcab-bd1d2da56daa", "locale": 1, "title": "Aberrant amniotic anesthesiologist", "draft_title": "Aberrant amniotic anesthesiologist", "slug": "aberrant-amniotic-anesthesiologist", "content_type": 17, "live": true, "has_unpublished_changes": false, "url_path": "/home/aberrant-amniotic-anesthesiologist/", "owner": null, "seo_title": "", "show_in_menus": false, "search_description": "", "go_live_at": null, "expire_at": null, "expired": false, "locked": false, "locked_at": null, "locked_by": null, "first_published_at": "2021-05-03T22:17:00Z", "last_published_at": null, "latest_revision_created_at": "2021-05-03T22:17:00Z", "live_revision": null, "alias_of": null}}, {"model": "wagtailcore.page", "pk": 12, "fields": {"path": "000100010009", "depth": 3, "numchild": 0, "translation_key": "5375968a-5ff0-4c6b-8128-882bc5ce1047", "locale": 1, "title": "Antipyretic acute pyelonephritis", "draft_title": "Antipyretic acute pyelonephritis", "slug": "antipyretic-acute-pyelonephritis", "content_type": 17, "live": true, "has_unpublished_changes": false, "url_path": "/home/antipyretic-acute-pyelonephritis/", "owner": null, "seo_title": "", "show_in_menus": false, "search_description": "", "go_live_at": null, "expire_at": null, "expired": false, "locked": false, "locked_at": null, "locked_by": null, "first_published_at": "2019-05-10T15:37:01Z", "last_published_at": null, "latest_revision_created_at": "2019-05-10T15:37:01Z", "live_revision": null, "alias_of": null}}, {"model": "wagtailcore.page", "pk": 13, "fields": {"path": "00010001000A", "depth": 3, "numchild": 0, "translation_key": "d4c692cf-66b8-41c8-a3f3-4b8d52209dfd", "locale": 1, "title": "Chronic Pyelonephritis cytoplast", "draft_title": "Chronic Pyelonephritis cytoplast", "slug": "chronic-pyelonephritis-cytoplast", "content_type": 17, "live": true, "has_unpublished_changes": false, "url_path": "/home/chronic-pyelonephritis-cytoplast/", "owner": null, "seo_title": "", "show_in_menus": false, "search_description": "", "go_live_at": null, "expire_at": null, "expired": false, "locked": false, "locked_at": null, "locked_by": null, "first_published_at": "2019-04-04T00:43:36Z", "last_published_at": null, "latest_revision_created_at": "2019-04-04T00:43:36Z", "live_revision": null, "alias_of": null}}, {"model": "wagtailcore.page", "pk": 14, "fields": {"path": "00010001000B", "depth": 3, "numchild": 0, "translation_key": "552d3272-5dfd-42b5-8255-1b309a04ca9b", "locale": 1, "title": "Aplasia aneurysm bronchoscope", "draft_title": "Aplasia aneurysm bronchoscope", "slug": "aplasia-aneurysm-bronchoscope", "content_type": 13, "live": true, "has_unpublished_changes": false, "url_path": "/home/aplasia-aneurysm-bronchoscope/", "owner": null, "seo_title": "", "show_in_menus": false, "search_description": "", "go_live_at": null, "expire_at": null, "expired": false, "locked": false, "locked_at": null, "locked_by": null, "first_published_at": "2020-04-11T21:17:02Z", "last_published_at": null, "latest_revision_created_at": "2020-04-11T21:17:02Z", "live_revision": null, "alias_of": null}}, {"model": "wagtailcore.page", "pk": 15, "fields": {"path": "00010001000C", "depth": 3, "numchild": 0, "translation_key": "1892903b-5489-42cb-9bfd-cf7d64340de7", "locale": 1, "title": "Cerebrum cerebrum acrocyanosis", "draft_title": "Cerebrum cerebrum acrocyanosis", "slug": "cerebrum-cerebrum-acrocyanosis", "content_type": 13, "live": true, "has_unpublished_changes": false, "url_path": "/home/cerebrum-cerebrum-acrocyanosis/", "owner": null, "seo_title": "", "show_in_menus": false, "search_description": "", "go_live_at": null, "expire_at": null, "expired": false, "locked": false, "locked_at": null, "locked_by": null, "first_published_at": "2019-02-11T03:35:40Z", "last_published_at": null, "latest_revision_created_at": "2019-02-11T03:35:40Z", "live_revision": null, "alias_of": null}}, {"model": "wagtailcore.page", "pk": 16, "fields": {"path": "00010001000D", "depth": 3, "numchild": 0, "translation_key": "864e93ce-cd33-43c5-b918-0798789fc1f8", "locale": 1, "title": "Arthroplasty anesthesia cephalometry", "draft_title": "Arthroplasty anesthesia cephalometry", "slug": "arthroplasty-anesthesia-cephalometry", "content_type": 13, "live": true, "has_unpublished_changes": false, "url_path": "/home/arthroplasty-anesthesia-cephalometry/", "owner": null, "seo_title": "", "show_in_menus": false, "search_description": "", "go_live_at": null, "expire_at": null, "expired": false, "locked": false, "locked_at": null, "locked_by": null, "first_published_at": "2019-12-22T04:48:52Z", "last_published_at": null, "latest_revision_created_at": "2019-12-22T04:48:52Z", "live_revision": null, "alias_of": null}}, {"model": "wagtailcore.page", "pk": 17, "fields": {"path": "00010001000E", "depth": 3, "numchild": 0, "translation_key": "44a6b03a-1210-46f0-8679-fd40b573ff72", "locale": 1, "title": "Anorexia tendon bradycardia", "draft_title": "Anorexia tendon bradycardia", "slug": "anorexia-tendon-bradycardia", "content_type": 13, "live": true, "has_unpublished_changes": false, "url_path": "/home/anorexia-tendon-bradycardia/", "owner": null, "seo_title": "", "show_in_menus": false, "search_description": "", "go_live_at": null, "expire_at": null, "expired": false, "locked": false, "locked_at": null, "locked_by": null, "first_published_at": "2019-12-16T12:40:10Z", "last_published_at": null, "latest_revision_created_at": "2019-12-16T12:40:10Z", "live_revision": null, "alias_of": null}}, {"model": "wagtailcore.page", "pk": 18, "fields": {"path": "00010001000F", "depth": 3, "numchild": 0, "translation_key": "870d393d-1ed0-457e-88ad-76f0e5be7a77", "locale": 1, "title": "Coronary Thrombosis central", "draft_title": "Coronary Thrombosis central", "slug": "coronary-thrombosis-central", "content_type": 13, "live": true, "has_unpublished_changes": false, "url_path": "/home/coronary-thrombosis-central/", "owner": null, "seo_title": "", "show_in_menus": false, "search_description": "", "go_live_at": null, "expire_at": null, "expired": false, "locked": false, "locked_at": null, "locked_by": null, "first_published_at": "2019-06-11T16:14:53Z", "last_published_at": null, "latest_revision_created_at": "2019-06-11T16:14:53Z", "live_revision": null, "alias_of": null}}, {"model": "wagtailcore.page", "pk": 19, "fields": {"path": "00010001000G", "depth": 3, "numchild": 0, "translation_key": "ee68054c-2e7f-4778-b5b6-4e32d04b149f", "locale": 1, "title": "Active neurofibroma chronic", "draft_title": "Active neurofibroma chronic", "slug": "active-neurofibroma-chronic", "content_type": 13, "live": true, "has_unpublished_changes": false, "url_path": "/home/active-neurofibroma-chronic/", "owner": null, "seo_title": "", "show_in_menus": false, "search_description": "", "go_live_at": null, "expire_at": null, "expired": false, "locked": false, "locked_at": null, "locked_by": null, "first_published_at": "2019-09-19T06:40:42Z", "last_published_at": null, "latest_revision_created_at": "2019-09-19T06:40:42Z", "live_revision": null, "alias_of": null}}, {"model": "wagtailcore.page", "pk": 20, "fields": {"path": "00010001000H", "depth": 3, "numchild": 0, "translation_key": "1507477b-2ada-49eb-8a02-c38984b63449", "locale": 1, "title": "Blepharitis bronchospasm cheiloschisis", "draft_title": "Blepharitis bronchospasm cheiloschisis", "slug": "blepharitis-bronchospasm-cheiloschisis", "content_type": 13, "live": true, "has_unpublished_changes": false, "url_path": "/home/blepharitis-bronchospasm-cheiloschisis/", "owner": null, "seo_title": "", "show_in_menus": false, "search_description": "", "go_live_at": null, "expire_at": null, "expired": false, "locked": false, "locked_at": null, "locked_by": null, "first_published_at": "2019-09-17T04:17:31Z", "last_published_at": null, "latest_revision_created_at": "2019-09-17T04:17:31Z", "live_revision": null, "alias_of": null}}, {"model": "wagtailcore.page", "pk": 21, "fields": {"path": "00010001000I", "depth": 3, "numchild": 0, "translation_key": "b9b3b68b-acb6-47dc-b4e7-f01867c5586c", "locale": 1, "title": "Dental cheilosis dilation", "draft_title": "Dental cheilosis dilation", "slug": "dental-cheilosis-dilation", "content_type": 13, "live": true, "has_unpublished_changes": false, "url_path": "/home/dental-cheilosis-dilation/", "owner": null, "seo_title": "", "show_in_menus": false, "search_description": "", "go_live_at": null, "expire_at": null, "expired": false, "locked": false, "locked_at": null, "locked_by": null, "first_published_at": "2019-09-13T21:45:43Z", "last_published_at": null, "latest_revision_created_at": "2019-09-13T21:45:43Z", "live_revision": null, "alias_of": null}}, {"model": "wagtailcore.page", "pk": 22, "fields": {"path": "00010001000J", "depth": 3, "numchild": 0, "translation_key": "721b0ee2-7676-4ffd-b1ac-50428bfb4261", "locale": 1, "title": "Cholecalciferol anomaly chondrodystrophy", "draft_title": "Cholecalciferol anomaly chondrodystrophy", "slug": "cholecalciferol-anomaly-chondrodystrophy", "content_type": 13, "live": true, "has_unpublished_changes": false, "url_path": "/home/cholecalciferol-anomaly-chondrodystrophy/", "owner": null, "seo_title": "", "show_in_menus": false, "search_description": "", "go_live_at": null, "expire_at": null, "expired": false, "locked": false, "locked_at": null, "locked_by": null, "first_published_at": "2019-01-16T08:44:14Z", "last_published_at": null, "latest_revision_created_at": "2019-01-16T08:44:14Z", "live_revision": null, "alias_of": null}}, {"model": "wagtailcore.page", "pk": 23, "fields": {"path": "00010001000K", "depth": 3, "numchild": 0, "translation_key": "3ed91ec2-5bc0-400d-85b2-1e2cdde86f90", "locale": 1, "title": "Cardiac Arrest climacteric", "draft_title": "Cardiac Arrest climacteric", "slug": "cardiac-arrest-climacteric", "content_type": 13, "live": true, "has_unpublished_changes": false, "url_path": "/home/cardiac-arrest-climacteric/", "owner": null, "seo_title": "", "show_in_menus": false, "search_description": "", "go_live_at": null, "expire_at": null, "expired": false, "locked": false, "locked_at": null, "locked_by": null, "first_published_at": "2020-10-27T16:59:55Z", "last_published_at": null, "latest_revision_created_at": "2020-10-27T16:59:55Z", "live_revision": null, "alias_of": null}}, {"model": "wagtailcore.page", "pk": 24, "fields": {"path": "00010001000L", "depth": 3, "numchild": 0, "translation_key": "bc0c8d5f-87fa-4990-af76-186053438632", "locale": 1, "title": "Acrocyanosis carditis cystoparalysis", "draft_title": "Acrocyanosis carditis cystoparalysis", "slug": "acrocyanosis-carditis-cystoparalysis", "content_type": 15, "live": true, "has_unpublished_changes": false, "url_path": "/home/acrocyanosis-carditis-cystoparalysis/", "owner": null, "seo_title": "", "show_in_menus": false, "search_description": "", "go_live_at": null, "expire_at": null, "expired": false, "locked": false, "locked_at": null, "locked_by": null, "first_published_at": "2020-01-01T00:00:43Z", "last_published_at": null, "latest_revision_created_at": "2020-01-01T00:00:43Z", "live_revision": null, "alias_of": null}}, {"model": "wagtailcore.page", "pk": 25, "fields": {"path": "00010001000M", "depth": 3, "numchild": 0, "translation_key": "a757b910-5883-43f8-935a-63d8fe0984ec", "locale": 1, "title": "Arthritis diagnostician corneal", "draft_title": "Arthritis diagnostician corneal", "slug": "arthritis-diagnostician-corneal", "content_type": 15, "live": true, "has_unpublished_changes": false, "url_path": "/home/arthritis-diagnostician-corneal/", "owner": null, "seo_title": "", "show_in_menus": false, "search_description": "", "go_live_at": null, "expire_at": null, "expired": false, "locked": false, "locked_at": null, "locked_by": null, "first_published_at": "2019-10-06T17:53:35Z", "last_published_at": null, "latest_revision_created_at": "2019-10-06T17:53:35Z", "live_revision": null, "alias_of": null}}, {"model": "wagtailcore.page", "pk": 26, "fields": {"path": "00010001000N", "depth": 3, "numchild": 0, "translation_key": "c841c70b-bf05-4aaf-a85d-94951e088938", "locale": 1, "title": "Arteriosclerosis akinesia anuria.", "draft_title": "Arteriosclerosis akinesia anuria.", "slug": "arteriosclerosis-akinesia-anuria", "content_type": 15, "live": true, "has_unpublished_changes": false, "url_path": "/home/arteriosclerosis-akinesia-anuria/", "owner": null, "seo_title": "", "show_in_menus": false, "search_description": "", "go_live_at": null, "expire_at": null, "expired": false, "locked": false, "locked_at": null, "locked_by": null, "first_published_at": "2019-10-31T21:44:46Z", "last_published_at": null, "latest_revision_created_at": "2019-10-31T21:44:46Z", "live_revision": null, "alias_of": null}}, {"model": "wagtailcore.page", "pk": 27, "fields": {"path": "00010001000O", "depth": 3, "numchild": 0, "translation_key": "a5840da9-c4a0-4b67-8f4c-069790a0916b", "locale": 1, "title": "Celiocentesis anesthesiologist blepharitis", "draft_title": "Celiocentesis anesthesiologist blepharitis", "slug": "celiocentesis-anesthesiologist-blepharitis", "content_type": 15, "live": true, "has_unpublished_changes": false, "url_path": "/home/celiocentesis-anesthesiologist-blepharitis/", "owner": null, "seo_title": "", "show_in_menus": false, "search_description": "", "go_live_at": null, "expire_at": null, "expired": false, "locked": false, "locked_at": null, "locked_by": null, "first_published_at": "2019-06-02T21:18:48Z", "last_published_at": null, "latest_revision_created_at": "2019-06-02T21:18:48Z", "live_revision": null, "alias_of": null}}, {"model": "wagtailcore.page", "pk": 28, "fields": {"path": "00010001000P", "depth": 3, "numchild": 0, "translation_key": "35871b03-b80b-4797-b0af-1a5c99d67efd", "locale": 1, "title": "Defibrillation cystitis anemic", "draft_title": "Defibrillation cystitis anemic", "slug": "defibrillation-cystitis-anemic", "content_type": 15, "live": true, "has_unpublished_changes": false, "url_path": "/home/defibrillation-cystitis-anemic/", "owner": null, "seo_title": "", "show_in_menus": false, "search_description": "", "go_live_at": null, "expire_at": null, "expired": false, "locked": false, "locked_at": null, "locked_by": null, "first_published_at": "2021-07-05T05:58:53Z", "last_published_at": null, "latest_revision_created_at": "2021-07-05T05:58:53Z", "live_revision": null, "alias_of": null}}, {"model": "wagtailcore.page", "pk": 29, "fields": {"path": "00010001000Q", "depth": 3, "numchild": 0, "translation_key": "7a114ee7-a4a0-49e9-a968-52b5feae0f3d", "locale": 1, "title": "Central cerebrovascular carcinogenic.", "draft_title": "Central cerebrovascular carcinogenic.", "slug": "central-cerebrovascular-carcinogenic", "content_type": 15, "live": true, "has_unpublished_changes": false, "url_path": "/home/central-cerebrovascular-carcinogenic/", "owner": null, "seo_title": "", "show_in_menus": false, "search_description": "", "go_live_at": null, "expire_at": null, "expired": false, "locked": false, "locked_at": null, "locked_by": null, "first_published_at": "2019-12-14T23:24:17Z", "last_published_at": null, "latest_revision_created_at": "2019-12-14T23:24:17Z", "live_revision": null, "alias_of": null}}, {"model": "wagtailcore.page", "pk": 30, "fields": {"path": "00010001000R", "depth": 3, "numchild": 0, "translation_key": "7293486f-e1ae-4b4a-b1eb-0719fdf7a2bb", "locale": 1, "title": "Bronchospasm corneal adenitis", "draft_title": "Bronchospasm corneal adenitis", "slug": "bronchospasm-corneal-adenitis", "content_type": 15, "live": true, "has_unpublished_changes": false, "url_path": "/home/bronchospasm-corneal-adenitis/", "owner": null, "seo_title": "", "show_in_menus": false, "search_description": "", "go_live_at": null, "expire_at": null, "expired": false, "locked": false, "locked_at": null, "locked_by": null, "first_published_at": "2019-02-01T01:04:23Z", "last_published_at": null, "latest_revision_created_at": "2019-02-01T01:04:23Z", "live_revision": null, "alias_of": null}}, {"model": "wagtailcore.page", "pk": 31, "fields": {"path": "00010001000S", "depth": 3, "numchild": 0, "translation_key": "07d66d4b-616c-43a7-af6d-c7f806fe1ee4", "locale": 1, "title": "Anesthesiology cephalic craniotomy", "draft_title": "Anesthesiology cephalic craniotomy", "slug": "anesthesiology-cephalic-craniotomy", "content_type": 15, "live": true, "has_unpublished_changes": false, "url_path": "/home/anesthesiology-cephalic-craniotomy/", "owner": null, "seo_title": "", "show_in_menus": false, "search_description": "", "go_live_at": null, "expire_at": null, "expired": false, "locked": false, "locked_at": null, "locked_by": null, "first_published_at": "2021-02-03T21:17:48Z", "last_published_at": null, "latest_revision_created_at": "2021-02-03T21:17:48Z", "live_revision": null, "alias_of": null}}, {"model": "wagtailcore.page", "pk": 32, "fields": {"path": "00010001000T", "depth": 3, "numchild": 0, "translation_key": "7a00e615-d052-4152-967a-bff455e001a7", "locale": 1, "title": "Afebrile cyanosis angioplasty", "draft_title": "Afebrile cyanosis angioplasty", "slug": "afebrile-cyanosis-angioplasty", "content_type": 15, "live": true, "has_unpublished_changes": false, "url_path": "/home/afebrile-cyanosis-angioplasty/", "owner": null, "seo_title": "", "show_in_menus": false, "search_description": "", "go_live_at": null, "expire_at": null, "expired": false, "locked": false, "locked_at": null, "locked_by": null, "first_published_at": "2020-12-09T22:25:09Z", "last_published_at": null, "latest_revision_created_at": "2020-12-09T22:25:09Z", "live_revision": null, "alias_of": null}}, {"model": "wagtailcore.page", "pk": 33, "fields": {"path": "00010001000U", "depth": 3, "numchild": 0, "translation_key": "68ff470b-be70-48ca-bacc-af34809fdb8c", "locale": 1, "title": "Central Cheyne-Stokes respiration", "draft_title": "Central Cheyne-Stokes respiration", "slug": "central-cheyne-stokes-respiration", "content_type": 15, "live": true, "has_unpublished_changes": false, "url_path": "/home/central-cheyne-stokes-respiration/", "owner": null, "seo_title": "", "show_in_menus": false, "search_description": "", "go_live_at": null, "expire_at": null, "expired": false, "locked": false, "locked_at": null, "locked_by": null, "first_published_at": "2019-05-27T20:19:01Z", "last_published_at": null, "latest_revision_created_at": "2019-05-27T20:19:01Z", "live_revision": null, "alias_of": null}}, {"model": "wagtailcore.page", "pk": 34, "fields": {"path": "00010001000V", "depth": 3, "numchild": 0, "translation_key": "45d10a9c-99d2-4895-ad87-72fc6644d73d", "locale": 1, "title": "Colitis dermatosis biopsy", "draft_title": "Colitis dermatosis biopsy", "slug": "colitis-dermatosis-biopsy", "content_type": 21, "live": true, "has_unpublished_changes": false, "url_path": "/home/colitis-dermatosis-biopsy/", "owner": null, "seo_title": "", "show_in_menus": false, "search_description": "", "go_live_at": null, "expire_at": null, "expired": false, "locked": false, "locked_at": null, "locked_by": null, "first_published_at": "2020-02-07T00:50:23Z", "last_published_at": null, "latest_revision_created_at": "2020-02-07T00:50:23Z", "live_revision": null, "alias_of": null}}, {"model": "wagtailcore.page", "pk": 35, "fields": {"path": "00010001000W", "depth": 3, "numchild": 0, "translation_key": "4e220494-cdc1-4e38-aebb-7a02f858f300", "locale": 1, "title": "Blepharospasm cholecystitis coronary", "draft_title": "Blepharospasm cholecystitis coronary", "slug": "blepharospasm-cholecystitis-coronary", "content_type": 21, "live": true, "has_unpublished_changes": false, "url_path": "/home/blepharospasm-cholecystitis-coronary/", "owner": null, "seo_title": "", "show_in_menus": false, "search_description": "", "go_live_at": null, "expire_at": null, "expired": false, "locked": false, "locked_at": null, "locked_by": null, "first_published_at": "2021-10-05T13:47:22Z", "last_published_at": null, "latest_revision_created_at": "2021-10-05T13:47:22Z", "live_revision": null, "alias_of": null}}, {"model": "wagtailcore.page", "pk": 36, "fields": {"path": "00010001000X", "depth": 3, "numchild": 0, "translation_key": "38162d30-958d-4643-bb68-9937456a96d7", "locale": 1, "title": "Anopia diplococcus akinesia", "draft_title": "Anopia diplococcus akinesia", "slug": "anopia-diplococcus-akinesia", "content_type": 21, "live": true, "has_unpublished_changes": false, "url_path": "/home/anopia-diplococcus-akinesia/", "owner": null, "seo_title": "", "show_in_menus": false, "search_description": "", "go_live_at": null, "expire_at": null, "expired": false, "locked": false, "locked_at": null, "locked_by": null, "first_published_at": "2020-08-07T02:24:28Z", "last_published_at": null, "latest_revision_created_at": "2020-08-07T02:24:28Z", "live_revision": null, "alias_of": null}}, {"model": "wagtailcore.page", "pk": 37, "fields": {"path": "00010001000Y", "depth": 3, "numchild": 0, "translation_key": "08bf09be-f2e3-4df6-80d7-ecb3ec6e6d5c", "locale": 1, "title": "Acrocyanosis atrophy amniotic", "draft_title": "Acrocyanosis atrophy amniotic", "slug": "acrocyanosis-atrophy-amniotic", "content_type": 21, "live": true, "has_unpublished_changes": false, "url_path": "/home/acrocyanosis-atrophy-amniotic/", "owner": null, "seo_title": "", "show_in_menus": false, "search_description": "", "go_live_at": null, "expire_at": null, "expired": false, "locked": false, "locked_at": null, "locked_by": null, "first_published_at": "2019-08-28T15:03:00Z", "last_published_at": null, "latest_revision_created_at": "2019-08-28T15:03:00Z", "live_revision": null, "alias_of": null}}, {"model": "wagtailcore.page", "pk": 38, "fields": {"path": "00010001000Z", "depth": 3, "numchild": 0, "translation_key": "efc08aa2-a22b-477c-8f19-99b85bdc2c9c", "locale": 1, "title": "Atherosclerotic abduction cheilitis", "draft_title": "Atherosclerotic abduction cheilitis", "slug": "atherosclerotic-abduction-cheilitis", "content_type": 21, "live": true, "has_unpublished_changes": false, "url_path": "/home/atherosclerotic-abduction-cheilitis/", "owner": null, "seo_title": "", "show_in_menus": false, "search_description": "", "go_live_at": null, "expire_at": null, "expired": false, "locked": false, "locked_at": null, "locked_by": null, "first_published_at": "2021-04-28T19:32:42Z", "last_published_at": null, "latest_revision_created_at": "2021-04-28T19:32:42Z", "live_revision": null, "alias_of": null}}, {"model": "wagtailcore.page", "pk": 39, "fields": {"path": "000100010010", "depth": 3, "numchild": 0, "translation_key": "71391927-b909-4beb-8c75-286e681e16dd", "locale": 1, "title": "Chondrodystrophy anopia anopia", "draft_title": "Chondrodystrophy anopia anopia", "slug": "chondrodystrophy-anopia-anopia", "content_type": 21, "live": true, "has_unpublished_changes": false, "url_path": "/home/chondrodystrophy-anopia-anopia/", "owner": null, "seo_title": "", "show_in_menus": false, "search_description": "", "go_live_at": null, "expire_at": null, "expired": false, "locked": false, "locked_at": null, "locked_by": null, "first_published_at": "2021-05-24T17:06:07Z", "last_published_at": null, "latest_revision_created_at": "2021-05-24T17:06:07Z", "live_revision": null, "alias_of": null}}, {"model": "wagtailcore.page", "pk": 40, "fields": {"path": "000100010011", "depth": 3, "numchild": 0, "translation_key": "aab4e83e-b4bc-49ac-9842-9a3738cb9b9f", "locale": 1, "title": "Acute Pyelonephritis abduction", "draft_title": "Acute Pyelonephritis abduction", "slug": "acute-pyelonephritis-abduction", "content_type": 21, "live": true, "has_unpublished_changes": false, "url_path": "/home/acute-pyelonephritis-abduction/", "owner": null, "seo_title": "", "show_in_menus": false, "search_description": "", "go_live_at": null, "expire_at": null, "expired": false, "locked": false, "locked_at": null, "locked_by": null, "first_published_at": "2020-12-27T09:22:44Z", "last_published_at": null, "latest_revision_created_at": "2020-12-27T09:22:44Z", "live_revision": null, "alias_of": null}}, {"model": "wagtailcore.page", "pk": 41, "fields": {"path": "000100010012", "depth": 3, "numchild": 0, "translation_key": "cc9022a3-fa06-481f-963e-df872cfa600b", "locale": 1, "title": "Analgesia Anodonta cerebrospinal", "draft_title": "Analgesia Anodonta cerebrospinal", "slug": "analgesia-anodonta-cerebrospinal", "content_type": 21, "live": true, "has_unpublished_changes": false, "url_path": "/home/analgesia-anodonta-cerebrospinal/", "owner": null, "seo_title": "", "show_in_menus": false, "search_description": "", "go_live_at": null, "expire_at": null, "expired": false, "locked": false, "locked_at": null, "locked_by": null, "first_published_at": "2019-09-25T12:20:53Z", "last_published_at": null, "latest_revision_created_at": "2019-09-25T12:20:53Z", "live_revision": null, "alias_of": null}}, {"model": "wagtailcore.page", "pk": 42, "fields": {"path": "000100010013", "depth": 3, "numchild": 0, "translation_key": "25143330-d2b2-477c-9415-b0860edbb6da", "locale": 1, "title": "Climacteric active anuria", "draft_title": "Climacteric active anuria", "slug": "climacteric-active-anuria", "content_type": 21, "live": true, "has_unpublished_changes": false, "url_path": "/home/climacteric-active-anuria/", "owner": null, "seo_title": "", "show_in_menus": false, "search_description": "", "go_live_at": null, "expire_at": null, "expired": false, "locked": false, "locked_at": null, "locked_by": null, "first_published_at": "2019-09-27T11:21:14Z", "last_published_at": null, "latest_revision_created_at": "2019-09-27T11:21:14Z", "live_revision": null, "alias_of": null}}, {"model": "wagtailcore.page", "pk": 43, "fields": {"path": "000100010014", "depth": 3, "numchild": 0, "translation_key": "f607103f-b0f2-4cd3-81b9-687b0b6937d0", "locale": 1, "title": "Cheilosis anemia cystitis.", "draft_title": "Cheilosis anemia cystitis.", "slug": "cheilosis-anemia-cystitis", "content_type": 21, "live": true, "has_unpublished_changes": false, "url_path": "/home/cheilosis-anemia-cystitis/", "owner": null, "seo_title": "", "show_in_menus": false, "search_description": "", "go_live_at": null, "expire_at": null, "expired": false, "locked": false, "locked_at": null, "locked_by": null, "first_published_at": "2020-09-18T06:08:23Z", "last_published_at": null, "latest_revision_created_at": "2020-09-18T06:08:23Z", "live_revision": null, "alias_of": null}}, {"model": "wagtailcore.page", "pk": 44, "fields": {"path": "000100010015", "depth": 3, "numchild": 0, "translation_key": "159a9187-ce7e-4c7a-81a3-ca7c71d4f589", "locale": 1, "title": "Anodonta dermatologist acute", "draft_title": "Anodonta dermatologist acute", "slug": "anodonta-dermatologist-acute", "content_type": 1, "live": true, "has_unpublished_changes": false, "url_path": "/home/anodonta-dermatologist-acute/", "owner": null, "seo_title": "", "show_in_menus": false, "search_description": "", "go_live_at": null, "expire_at": null, "expired": false, "locked": false, "locked_at": null, "locked_by": null, "first_published_at": "2021-01-28T07:59:36Z", "last_published_at": null, "latest_revision_created_at": "2021-01-28T07:59:36Z", "live_revision": null, "alias_of": null}}, {"model": "wagtailcore.page", "pk": 45, "fields": {"path": "000100010016", "depth": 3, "numchild": 0, "translation_key": "0b8c28a5-03fa-4852-88b4-7932c6c0cfd4", "locale": 1, "title": "Acute dermatosis asepsis", "draft_title": "Acute dermatosis asepsis", "slug": "acute-dermatosis-asepsis", "content_type": 1, "live": true, "has_unpublished_changes": false, "url_path": "/home/acute-dermatosis-asepsis/", "owner": null, "seo_title": "", "show_in_menus": false, "search_description": "", "go_live_at": null, "expire_at": null, "expired": false, "locked": false, "locked_at": null, "locked_by": null, "first_published_at": "2021-07-18T14:34:59Z", "last_published_at": null, "latest_revision_created_at": "2021-07-18T14:34:59Z", "live_revision": null, "alias_of": null}}, {"model": "wagtailcore.page", "pk": 46, "fields": {"path": "000100010017", "depth": 3, "numchild": 0, "translation_key": "29868540-1bc5-4efd-a592-9a2f67fdaf39", "locale": 1, "title": "Abdominal apnea coronary", "draft_title": "Abdominal apnea coronary", "slug": "abdominal-apnea-coronary", "content_type": 1, "live": true, "has_unpublished_changes": false, "url_path": "/home/abdominal-apnea-coronary/", "owner": null, "seo_title": "", "show_in_menus": false, "search_description": "", "go_live_at": null, "expire_at": null, "expired": false, "locked": false, "locked_at": null, "locked_by": null, "first_published_at": "2021-05-30T16:30:30Z", "last_published_at": null, "latest_revision_created_at": "2021-05-30T16:30:30Z", "live_revision": null, "alias_of": null}}, {"model": "wagtailcore.page", "pk": 47, "fields": {"path": "000100010018", "depth": 3, "numchild": 0, "translation_key": "6d1e6f82-d897-4ce9-8a27-47e00b91337b", "locale": 1, "title": "Dorsally adenocarcinoma anesthesiologist", "draft_title": "Dorsally adenocarcinoma anesthesiologist", "slug": "dorsally-adenocarcinoma-anesthesiologist", "content_type": 1, "live": true, "has_unpublished_changes": false, "url_path": "/home/dorsally-adenocarcinoma-anesthesiologist/", "owner": null, "seo_title": "", "show_in_menus": false, "search_description": "", "go_live_at": null, "expire_at": null, "expired": false, "locked": false, "locked_at": null, "locked_by": null, "first_published_at": "2020-09-17T18:20:16Z", "last_published_at": null, "latest_revision_created_at": "2020-09-17T18:20:16Z", "live_revision": null, "alias_of": null}}, {"model": "wagtailcore.page", "pk": 48, "fields": {"path": "000100010019", "depth": 3, "numchild": 0, "translation_key": "683c1615-bb5c-4dbe-9ec5-438299bc33ad", "locale": 1, "title": "Cranium bronchoscope blastoderm", "draft_title": "Cranium bronchoscope blastoderm", "slug": "cranium-bronchoscope-blastoderm", "content_type": 1, "live": true, "has_unpublished_changes": false, "url_path": "/home/cranium-bronchoscope-blastoderm/", "owner": null, "seo_title": "", "show_in_menus": false, "search_description": "", "go_live_at": null, "expire_at": null, "expired": false, "locked": false, "locked_at": null, "locked_by": null, "first_published_at": "2020-10-23T19:49:07Z", "last_published_at": null, "latest_revision_created_at": "2020-10-23T19:49:07Z", "live_revision": null, "alias_of": null}}, {"model": "wagtailcore.page", "pk": 49, "fields": {"path": "00010001001A", "depth": 3, "numchild": 0, "translation_key": "bb783d9f-cce6-4940-a571-88d7113cc7b1", "locale": 1, "title": "Carditis blastoderm anesthesiologist", "draft_title": "Carditis blastoderm anesthesiologist", "slug": "carditis-blastoderm-anesthesiologist", "content_type": 1, "live": true, "has_unpublished_changes": false, "url_path": "/home/carditis-blastoderm-anesthesiologist/", "owner": null, "seo_title": "", "show_in_menus": false, "search_description": "", "go_live_at": null, "expire_at": null, "expired": false, "locked": false, "locked_at": null, "locked_by": null, "first_published_at": "2021-04-26T01:30:40Z", "last_published_at": null, "latest_revision_created_at": "2021-04-26T01:30:40Z", "live_revision": null, "alias_of": null}}, {"model": "wagtailcore.page", "pk": 50, "fields": {"path": "00010001001B", "depth": 3, "numchild": 0, "translation_key": "17ac3262-687c-47f2-8e2d-0fa3c38045f4", "locale": 1, "title": "Blastoderm Cheyne-Stokes respiration", "draft_title": "Blastoderm Cheyne-Stokes respiration", "slug": "blastoderm-cheyne-stokes-respiration", "content_type": 1, "live": true, "has_unpublished_changes": false, "url_path": "/home/blastoderm-cheyne-stokes-respiration/", "owner": null, "seo_title": "", "show_in_menus": false, "search_description": "", "go_live_at": null, "expire_at": null, "expired": false, "locked": false, "locked_at": null, "locked_by": null, "first_published_at": "2020-03-03T23:38:51Z", "last_published_at": null, "latest_revision_created_at": "2020-03-03T23:38:51Z", "live_revision": null, "alias_of": null}}, {"model": "wagtailcore.page", "pk": 51, "fields": {"path": "00010001001C", "depth": 3, "numchild": 0, "translation_key": "b490d3d4-8ba7-442b-9087-f106d15f44e9", "locale": 1, "title": "Apneic amniocentesis bronchitis", "draft_title": "Apneic amniocentesis bronchitis", "slug": "apneic-amniocentesis-bronchitis", "content_type": 1, "live": true, "has_unpublished_changes": false, "url_path": "/home/apneic-amniocentesis-bronchitis/", "owner": null, "seo_title": "", "show_in_menus": false, "search_description": "", "go_live_at": null, "expire_at": null, "expired": false, "locked": false, "locked_at": null, "locked_by": null, "first_published_at": "2019-12-05T02:28:06Z", "last_published_at": null, "latest_revision_created_at": "2019-12-05T02:28:06Z", "live_revision": null, "alias_of": null}}, {"model": "wagtailcore.page", "pk": 52, "fields": {"path": "00010001001D", "depth": 3, "numchild": 0, "translation_key": "870f5022-ff94-47b7-b4e4-46a2fc7d921e", "locale": 1, "title": "Anuria blastoderm blastoderm", "draft_title": "Anuria blastoderm blastoderm", "slug": "anuria-blastoderm-blastoderm", "content_type": 1, "live": true, "has_unpublished_changes": false, "url_path": "/home/anuria-blastoderm-blastoderm/", "owner": null, "seo_title": "", "show_in_menus": false, "search_description": "", "go_live_at": null, "expire_at": null, "expired": false, "locked": false, "locked_at": null, "locked_by": null, "first_published_at": "2019-09-08T15:26:11Z", "last_published_at": null, "latest_revision_created_at": "2019-09-08T15:26:11Z", "live_revision": null, "alias_of": null}}, {"model": "wagtailcore.page", "pk": 53, "fields": {"path": "00010001001E", "depth": 3, "numchild": 0, "translation_key": "786c637e-a658-4f2e-a856-c49b3492d130", "locale": 1, "title": "Anemic acrocyanosis Anodonta", "draft_title": "Anemic acrocyanosis Anodonta", "slug": "anemic-acrocyanosis-anodonta", "content_type": 1, "live": true, "has_unpublished_changes": false, "url_path": "/home/anemic-acrocyanosis-anodonta/", "owner": null, "seo_title": "", "show_in_menus": false, "search_description": "", "go_live_at": null, "expire_at": null, "expired": false, "locked": false, "locked_at": null, "locked_by": null, "first_published_at": "2021-04-06T18:04:42Z", "last_published_at": null, "latest_revision_created_at": "2021-04-06T18:04:42Z", "live_revision": null, "alias_of": null}}, {"model": "wagtailcore.grouppagepermission", "pk": 1, "fields": {"group": 1, "page": 1, "permission_type": "add"}}, {"model": "wagtailcore.grouppagepermission", "pk": 2, "fields": {"group": 1, "page": 1, "permission_type": "edit"}}, {"model": "wagtailcore.grouppagepermission", "pk": 3, "fields": {"group": 1, "page": 1, "permission_type": "publish"}}, {"model": "wagtailcore.grouppagepermission", "pk": 4, "fields": {"group": 2, "page": 1, "permission_type": "add"}}, {"model": "wagtailcore.grouppagepermission", "pk": 5, "fields": {"group": 2, "page": 1, "permission_type": "edit"}}, {"model": "wagtailcore.grouppagepermission", "pk": 6, "fields": {"group": 1, "page": 1, "permission_type": "lock"}}, {"model": "wagtailcore.grouppagepermission", "pk": 7, "fields": {"group": 1, "page": 1, "permission_type": "unlock"}}, {"model": "wagtailcore.workflowpage", "pk": 1, "fields": {"workflow": 1}}, {"model": "wagtailcore.workflowtask", "pk": 1, "fields": {"sort_order": 0, "workflow": 1, "task": 1}}, {"model": "wagtailcore.task", "pk": 1, "fields": {"name": "Moderators approval", "content_type": 2, "active": true}}, {"model": "wagtailcore.workflow", "pk": 1, "fields": {"name": "Moderators approval", "active": true}}, {"model": "wagtailcore.groupapprovaltask", "pk": 1, "fields": {"groups": [1]}}, {"model": "wagtailcore.pagelogentry", "pk": 1, "fields": {"content_type": 17, "label": "Abiogenesis corneal diagnostician", "action": "wagtail.create", "data_json": "\"\"", "timestamp": "2022-04-06T15:44:22.646Z", "uuid": null, "user": null, "content_changed": true, "deleted": false, "page": 4, "revision": null}}, {"model": "wagtailcore.pagelogentry", "pk": 2, "fields": {"content_type": 17, "label": "Cystoparalysis cardiology blepharospasm.", "action": "wagtail.create", "data_json": "\"\"", "timestamp": "2022-04-06T15:44:22.672Z", "uuid": null, "user": null, "content_changed": true, "deleted": false, "page": 5, "revision": null}}, {"model": "wagtailcore.pagelogentry", "pk": 3, "fields": {"content_type": 17, "label": "Anastomosis cerebrum uranoplasty", "action": "wagtail.create", "data_json": "\"\"", "timestamp": "2022-04-06T15:44:22.700Z", "uuid": null, "user": null, "content_changed": true, "deleted": false, "page": 6, "revision": null}}, {"model": "wagtailcore.pagelogentry", "pk": 4, "fields": {"content_type": 17, "label": "Disease cephalic amniotic", "action": "wagtail.create", "data_json": "\"\"", "timestamp": "2022-04-06T15:44:22.728Z", "uuid": null, "user": null, "content_changed": true, "deleted": false, "page": 7, "revision": null}}, {"model": "wagtailcore.pagelogentry", "pk": 5, "fields": {"content_type": 17, "label": "Amnion anemia conception", "action": "wagtail.create", "data_json": "\"\"", "timestamp": "2022-04-06T15:44:22.757Z", "uuid": null, "user": null, "content_changed": true, "deleted": false, "page": 8, "revision": null}}, {"model": "wagtailcore.pagelogentry", "pk": 6, "fields": {"content_type": 17, "label": "Antipyretic chemotherapy chronic", "action": "wagtail.create", "data_json": "\"\"", "timestamp": "2022-04-06T15:44:22.788Z", "uuid": null, "user": null, "content_changed": true, "deleted": false, "page": 9, "revision": null}}, {"model": "wagtailcore.pagelogentry", "pk": 7, "fields": {"content_type": 17, "label": "Cyanosis angiology blepharospasm", "action": "wagtail.create", "data_json": "\"\"", "timestamp": "2022-04-06T15:44:22.816Z", "uuid": null, "user": null, "content_changed": true, "deleted": false, "page": 10, "revision": null}}, {"model": "wagtailcore.pagelogentry", "pk": 8, "fields": {"content_type": 17, "label": "Aberrant amniotic anesthesiologist", "action": "wagtail.create", "data_json": "\"\"", "timestamp": "2022-04-06T15:44:22.859Z", "uuid": null, "user": null, "content_changed": true, "deleted": false, "page": 11, "revision": null}}, {"model": "wagtailcore.pagelogentry", "pk": 9, "fields": {"content_type": 17, "label": "Antipyretic acute pyelonephritis", "action": "wagtail.create", "data_json": "\"\"", "timestamp": "2022-04-06T15:44:22.963Z", "uuid": null, "user": null, "content_changed": true, "deleted": false, "page": 12, "revision": null}}, {"model": "wagtailcore.pagelogentry", "pk": 10, "fields": {"content_type": 17, "label": "Chronic Pyelonephritis cytoplast", "action": "wagtail.create", "data_json": "\"\"", "timestamp": "2022-04-06T15:44:22.993Z", "uuid": null, "user": null, "content_changed": true, "deleted": false, "page": 13, "revision": null}}, {"model": "wagtailcore.pagelogentry", "pk": 11, "fields": {"content_type": 13, "label": "Aplasia aneurysm bronchoscope", "action": "wagtail.create", "data_json": "\"\"", "timestamp": "2022-04-06T15:44:23.031Z", "uuid": null, "user": null, "content_changed": true, "deleted": false, "page": 14, "revision": null}}, {"model": "wagtailcore.pagelogentry", "pk": 12, "fields": {"content_type": 13, "label": "Cerebrum cerebrum acrocyanosis", "action": "wagtail.create", "data_json": "\"\"", "timestamp": "2022-04-06T15:44:23.061Z", "uuid": null, "user": null, "content_changed": true, "deleted": false, "page": 15, "revision": null}}, {"model": "wagtailcore.pagelogentry", "pk": 13, "fields": {"content_type": 13, "label": "Arthroplasty anesthesia cephalometry", "action": "wagtail.create", "data_json": "\"\"", "timestamp": "2022-04-06T15:44:23.089Z", "uuid": null, "user": null, "content_changed": true, "deleted": false, "page": 16, "revision": null}}, {"model": "wagtailcore.pagelogentry", "pk": 14, "fields": {"content_type": 13, "label": "Anorexia tendon bradycardia", "action": "wagtail.create", "data_json": "\"\"", "timestamp": "2022-04-06T15:44:23.117Z", "uuid": null, "user": null, "content_changed": true, "deleted": false, "page": 17, "revision": null}}, {"model": "wagtailcore.pagelogentry", "pk": 15, "fields": {"content_type": 13, "label": "Coronary Thrombosis central", "action": "wagtail.create", "data_json": "\"\"", "timestamp": "2022-04-06T15:44:23.148Z", "uuid": null, "user": null, "content_changed": true, "deleted": false, "page": 18, "revision": null}}, {"model": "wagtailcore.pagelogentry", "pk": 16, "fields": {"content_type": 13, "label": "Active neurofibroma chronic", "action": "wagtail.create", "data_json": "\"\"", "timestamp": "2022-04-06T15:44:23.176Z", "uuid": null, "user": null, "content_changed": true, "deleted": false, "page": 19, "revision": null}}, {"model": "wagtailcore.pagelogentry", "pk": 17, "fields": {"content_type": 13, "label": "Blepharitis bronchospasm cheiloschisis", "action": "wagtail.create", "data_json": "\"\"", "timestamp": "2022-04-06T15:44:23.212Z", "uuid": null, "user": null, "content_changed": true, "deleted": false, "page": 20, "revision": null}}, {"model": "wagtailcore.pagelogentry", "pk": 18, "fields": {"content_type": 13, "label": "Dental cheilosis dilation", "action": "wagtail.create", "data_json": "\"\"", "timestamp": "2022-04-06T15:44:23.245Z", "uuid": null, "user": null, "content_changed": true, "deleted": false, "page": 21, "revision": null}}, {"model": "wagtailcore.pagelogentry", "pk": 19, "fields": {"content_type": 13, "label": "Cholecalciferol anomaly chondrodystrophy", "action": "wagtail.create", "data_json": "\"\"", "timestamp": "2022-04-06T15:44:23.281Z", "uuid": null, "user": null, "content_changed": true, "deleted": false, "page": 22, "revision": null}}, {"model": "wagtailcore.pagelogentry", "pk": 20, "fields": {"content_type": 13, "label": "Cardiac Arrest climacteric", "action": "wagtail.create", "data_json": "\"\"", "timestamp": "2022-04-06T15:44:23.315Z", "uuid": null, "user": null, "content_changed": true, "deleted": false, "page": 23, "revision": null}}, {"model": "wagtailcore.pagelogentry", "pk": 21, "fields": {"content_type": 15, "label": "Acrocyanosis carditis cystoparalysis", "action": "wagtail.create", "data_json": "\"\"", "timestamp": "2022-04-06T15:44:23.345Z", "uuid": null, "user": null, "content_changed": true, "deleted": false, "page": 24, "revision": null}}, {"model": "wagtailcore.pagelogentry", "pk": 22, "fields": {"content_type": 15, "label": "Arthritis diagnostician corneal", "action": "wagtail.create", "data_json": "\"\"", "timestamp": "2022-04-06T15:44:23.378Z", "uuid": null, "user": null, "content_changed": true, "deleted": false, "page": 25, "revision": null}}, {"model": "wagtailcore.pagelogentry", "pk": 23, "fields": {"content_type": 15, "label": "Arteriosclerosis akinesia anuria.", "action": "wagtail.create", "data_json": "\"\"", "timestamp": "2022-04-06T15:44:23.410Z", "uuid": null, "user": null, "content_changed": true, "deleted": false, "page": 26, "revision": null}}, {"model": "wagtailcore.pagelogentry", "pk": 24, "fields": {"content_type": 15, "label": "Celiocentesis anesthesiologist blepharitis", "action": "wagtail.create", "data_json": "\"\"", "timestamp": "2022-04-06T15:44:23.439Z", "uuid": null, "user": null, "content_changed": true, "deleted": false, "page": 27, "revision": null}}, {"model": "wagtailcore.pagelogentry", "pk": 25, "fields": {"content_type": 15, "label": "Defibrillation cystitis anemic", "action": "wagtail.create", "data_json": "\"\"", "timestamp": "2022-04-06T15:44:23.469Z", "uuid": null, "user": null, "content_changed": true, "deleted": false, "page": 28, "revision": null}}, {"model": "wagtailcore.pagelogentry", "pk": 26, "fields": {"content_type": 15, "label": "Central cerebrovascular carcinogenic.", "action": "wagtail.create", "data_json": "\"\"", "timestamp": "2022-04-06T15:44:23.502Z", "uuid": null, "user": null, "content_changed": true, "deleted": false, "page": 29, "revision": null}}, {"model": "wagtailcore.pagelogentry", "pk": 27, "fields": {"content_type": 15, "label": "Bronchospasm corneal adenitis", "action": "wagtail.create", "data_json": "\"\"", "timestamp": "2022-04-06T15:44:23.535Z", "uuid": null, "user": null, "content_changed": true, "deleted": false, "page": 30, "revision": null}}, {"model": "wagtailcore.pagelogentry", "pk": 28, "fields": {"content_type": 15, "label": "Anesthesiology cephalic craniotomy", "action": "wagtail.create", "data_json": "\"\"", "timestamp": "2022-04-06T15:44:23.568Z", "uuid": null, "user": null, "content_changed": true, "deleted": false, "page": 31, "revision": null}}, {"model": "wagtailcore.pagelogentry", "pk": 29, "fields": {"content_type": 15, "label": "Afebrile cyanosis angioplasty", "action": "wagtail.create", "data_json": "\"\"", "timestamp": "2022-04-06T15:44:23.598Z", "uuid": null, "user": null, "content_changed": true, "deleted": false, "page": 32, "revision": null}}, {"model": "wagtailcore.pagelogentry", "pk": 30, "fields": {"content_type": 15, "label": "Central Cheyne-Stokes respiration", "action": "wagtail.create", "data_json": "\"\"", "timestamp": "2022-04-06T15:44:23.631Z", "uuid": null, "user": null, "content_changed": true, "deleted": false, "page": 33, "revision": null}}, {"model": "wagtailcore.pagelogentry", "pk": 31, "fields": {"content_type": 21, "label": "Colitis dermatosis biopsy", "action": "wagtail.create", "data_json": "\"\"", "timestamp": "2022-04-06T15:44:23.666Z", "uuid": null, "user": null, "content_changed": true, "deleted": false, "page": 34, "revision": null}}, {"model": "wagtailcore.pagelogentry", "pk": 32, "fields": {"content_type": 21, "label": "Blepharospasm cholecystitis coronary", "action": "wagtail.create", "data_json": "\"\"", "timestamp": "2022-04-06T15:44:23.709Z", "uuid": null, "user": null, "content_changed": true, "deleted": false, "page": 35, "revision": null}}, {"model": "wagtailcore.pagelogentry", "pk": 33, "fields": {"content_type": 21, "label": "Anopia diplococcus akinesia", "action": "wagtail.create", "data_json": "\"\"", "timestamp": "2022-04-06T15:44:23.757Z", "uuid": null, "user": null, "content_changed": true, "deleted": false, "page": 36, "revision": null}}, {"model": "wagtailcore.pagelogentry", "pk": 34, "fields": {"content_type": 21, "label": "Acrocyanosis atrophy amniotic", "action": "wagtail.create", "data_json": "\"\"", "timestamp": "2022-04-06T15:44:23.802Z", "uuid": null, "user": null, "content_changed": true, "deleted": false, "page": 37, "revision": null}}, {"model": "wagtailcore.pagelogentry", "pk": 35, "fields": {"content_type": 21, "label": "Atherosclerotic abduction cheilitis", "action": "wagtail.create", "data_json": "\"\"", "timestamp": "2022-04-06T15:44:23.845Z", "uuid": null, "user": null, "content_changed": true, "deleted": false, "page": 38, "revision": null}}, {"model": "wagtailcore.pagelogentry", "pk": 36, "fields": {"content_type": 21, "label": "Chondrodystrophy anopia anopia", "action": "wagtail.create", "data_json": "\"\"", "timestamp": "2022-04-06T15:44:23.884Z", "uuid": null, "user": null, "content_changed": true, "deleted": false, "page": 39, "revision": null}}, {"model": "wagtailcore.pagelogentry", "pk": 37, "fields": {"content_type": 21, "label": "Acute Pyelonephritis abduction", "action": "wagtail.create", "data_json": "\"\"", "timestamp": "2022-04-06T15:44:23.926Z", "uuid": null, "user": null, "content_changed": true, "deleted": false, "page": 40, "revision": null}}, {"model": "wagtailcore.pagelogentry", "pk": 38, "fields": {"content_type": 21, "label": "Analgesia Anodonta cerebrospinal", "action": "wagtail.create", "data_json": "\"\"", "timestamp": "2022-04-06T15:44:23.973Z", "uuid": null, "user": null, "content_changed": true, "deleted": false, "page": 41, "revision": null}}, {"model": "wagtailcore.pagelogentry", "pk": 39, "fields": {"content_type": 21, "label": "Climacteric active anuria", "action": "wagtail.create", "data_json": "\"\"", "timestamp": "2022-04-06T15:44:24.015Z", "uuid": null, "user": null, "content_changed": true, "deleted": false, "page": 42, "revision": null}}, {"model": "wagtailcore.pagelogentry", "pk": 40, "fields": {"content_type": 21, "label": "Cheilosis anemia cystitis.", "action": "wagtail.create", "data_json": "\"\"", "timestamp": "2022-04-06T15:44:24.055Z", "uuid": null, "user": null, "content_changed": true, "deleted": false, "page": 43, "revision": null}}, {"model": "wagtailcore.pagelogentry", "pk": 41, "fields": {"content_type": 1, "label": "Anodonta dermatologist acute", "action": "wagtail.create", "data_json": "\"\"", "timestamp": "2022-04-06T15:44:24.092Z", "uuid": null, "user": null, "content_changed": true, "deleted": false, "page": 44, "revision": null}}, {"model": "wagtailcore.pagelogentry", "pk": 42, "fields": {"content_type": 1, "label": "Acute dermatosis asepsis", "action": "wagtail.create", "data_json": "\"\"", "timestamp": "2022-04-06T15:44:24.117Z", "uuid": null, "user": null, "content_changed": true, "deleted": false, "page": 45, "revision": null}}, {"model": "wagtailcore.pagelogentry", "pk": 43, "fields": {"content_type": 1, "label": "Abdominal apnea coronary", "action": "wagtail.create", "data_json": "\"\"", "timestamp": "2022-04-06T15:44:24.143Z", "uuid": null, "user": null, "content_changed": true, "deleted": false, "page": 46, "revision": null}}, {"model": "wagtailcore.pagelogentry", "pk": 44, "fields": {"content_type": 1, "label": "Dorsally adenocarcinoma anesthesiologist", "action": "wagtail.create", "data_json": "\"\"", "timestamp": "2022-04-06T15:44:24.169Z", "uuid": null, "user": null, "content_changed": true, "deleted": false, "page": 47, "revision": null}}, {"model": "wagtailcore.pagelogentry", "pk": 45, "fields": {"content_type": 1, "label": "Cranium bronchoscope blastoderm", "action": "wagtail.create", "data_json": "\"\"", "timestamp": "2022-04-06T15:44:24.196Z", "uuid": null, "user": null, "content_changed": true, "deleted": false, "page": 48, "revision": null}}, {"model": "wagtailcore.pagelogentry", "pk": 46, "fields": {"content_type": 1, "label": "Carditis blastoderm anesthesiologist", "action": "wagtail.create", "data_json": "\"\"", "timestamp": "2022-04-06T15:44:24.222Z", "uuid": null, "user": null, "content_changed": true, "deleted": false, "page": 49, "revision": null}}, {"model": "wagtailcore.pagelogentry", "pk": 47, "fields": {"content_type": 1, "label": "Blastoderm Cheyne-Stokes respiration", "action": "wagtail.create", "data_json": "\"\"", "timestamp": "2022-04-06T15:44:24.254Z", "uuid": null, "user": null, "content_changed": true, "deleted": false, "page": 50, "revision": null}}, {"model": "wagtailcore.pagelogentry", "pk": 48, "fields": {"content_type": 1, "label": "Apneic amniocentesis bronchitis", "action": "wagtail.create", "data_json": "\"\"", "timestamp": "2022-04-06T15:44:24.282Z", "uuid": null, "user": null, "content_changed": true, "deleted": false, "page": 51, "revision": null}}, {"model": "wagtailcore.pagelogentry", "pk": 49, "fields": {"content_type": 1, "label": "Anuria blastoderm blastoderm", "action": "wagtail.create", "data_json": "\"\"", "timestamp": "2022-04-06T15:44:24.309Z", "uuid": null, "user": null, "content_changed": true, "deleted": false, "page": 52, "revision": null}}, {"model": "wagtailcore.pagelogentry", "pk": 50, "fields": {"content_type": 1, "label": "Anemic acrocyanosis Anodonta", "action": "wagtail.create", "data_json": "\"\"", "timestamp": "2022-04-06T15:44:24.337Z", "uuid": null, "user": null, "content_changed": true, "deleted": false, "page": 53, "revision": null}}, {"model": "auth.group", "pk": 1, "fields": {"name": "Moderators", "permissions": [9, 5, 6, 7, 1, 2, 3]}}, {"model": "auth.group", "pk": 2, "fields": {"name": "Editors", "permissions": [9, 5, 6, 7, 1, 2, 3]}}, {"model": "auth.user", "pk": 1, "fields": {"password": "pbkdf2_sha256$260000$JNCgl4YaqhGvtAVeEppqCn$oEtctRhDD3oSGKwyaU4QdLRn99wiDvG4R0qCwyl/lzE=", "last_login": "2022-04-06T15:43:39.767Z", "is_superuser": true, "username": "tobias", "first_name": "", "last_name": "", "email": "tobias@neontribe.co.uk", "is_staff": true, "is_active": true, "date_joined": "2022-04-06T15:42:51.737Z", "groups": [], "user_permissions": []}}, {"model": "sessions.session", "pk": "a6bc62k5gjgbmljzjcz6sbrgbc7n1c6g", "fields": {"session_data": ".eJxVjEEOwiAQRe_C2pBCBQaX7j0DmQ6DRQ2Y0iYa4921SRe6_e_99xIBl3kMS-Mp5CgOQond7zYgXbmsIF6wnKukWuYpD3JV5EabPNXIt-Pm_gVGbOP37VGbRAa0smxcH30yCWI_KEcOLUHykDq2Dsg48koj7HUX0fdgLLHDNdq4tVxL4Mc9T09x6N4fhss_CQ:1nc7op:wGKlXY4vT8DmCf7K_jvSNztlvFuvNUl96xMFYvMs90k", "expire_date": "2022-04-20T15:43:39.774Z"}}]