[
    {
        "model": "home.homepage",
        "pk": 3,
        "fields": {
            "hero_text": "",
            "hero_heading": "",
            "hero_image": null,
            "body": "[]"
        }
    },
    {
        "model": "pages.basepage",
        "pk": 4,
        "fields": {
            "md_owner": "",
            "md_description": "",
            "md_gateway_ref": "",
            "md_pcc_reference": "",
            "excerpt": "",
            "body": "[]",
            "wp_id": null,
            "parent": null,
            "source": null,
            "wp_template": null,
            "wp_slug": "",
            "real_parent": null,
            "wp_link": "",
            "raw_content": "",
            "model_fields": "",
            "content_fields": "",
            "content_field_blocks": "",
            "component_fields": "",
            "author": ""
        }
    },
    {
        "model": "pages.basepage",
        "pk": 5,
        "fields": {
            "md_owner": "",
            "md_description": "",
            "md_gateway_ref": "",
            "md_pcc_reference": "",
            "excerpt": "Lorem ipsum dolor sit amet, consectetur adipiscing elit. In sit amet elit et ligula varius finibus.",
            "body": "[]",
            "wp_id": null,
            "parent": null,
            "source": null,
            "wp_template": null,
            "wp_slug": "",
            "real_parent": null,
            "wp_link": "",
            "raw_content": "",
            "model_fields": "",
            "content_fields": "",
            "content_field_blocks": "",
            "component_fields": "",
            "author": ""
        }
    },
    {
        "model": "pages.basepage",
        "pk": 6,
        "fields": {
            "md_owner": "",
            "md_description": "",
            "md_gateway_ref": "",
            "md_pcc_reference": "",
            "excerpt": "lorem ipsum lorem ipsum lorem ipsum lorem ipsum lorem ipsum",
            "body": "[]",
            "wp_id": null,
            "parent": null,
            "source": null,
            "wp_template": null,
            "wp_slug": "",
            "real_parent": null,
            "wp_link": "",
            "raw_content": "",
            "model_fields": "",
            "content_fields": "",
            "content_field_blocks": "",
            "component_fields": "",
            "author": ""
        }
    },
    {
        "model": "pages.basepage",
        "pk": 7,
        "fields": {
            "md_owner": "",
            "md_description": "",
            "md_gateway_ref": "",
            "md_pcc_reference": "",
            "excerpt": "lorem ipsum lorem ipsum lorem ipsum lorem ipsum lorem ipsum",
            "body": "[]",
            "wp_id": null,
            "parent": null,
            "source": null,
            "wp_template": null,
            "wp_slug": "",
            "real_parent": null,
            "wp_link": "",
            "raw_content": "",
            "model_fields": "",
            "content_fields": "",
            "content_field_blocks": "",
            "component_fields": "",
            "author": ""
        }
    },
    {
        "model": "pages.basepage",
        "pk": 8,
        "fields": {
            "md_owner": "",
            "md_description": "",
            "md_gateway_ref": "",
            "md_pcc_reference": "",
            "excerpt": "",
            "body": "[]",
            "wp_id": null,
            "parent": null,
            "source": null,
            "wp_template": null,
            "wp_slug": "",
            "real_parent": null,
            "wp_link": "",
            "raw_content": "",
            "model_fields": "",
            "content_fields": "",
            "content_field_blocks": "",
            "component_fields": "",
            "author": ""
        }
    },
    {
        "model": "pages.basepage",
        "pk": 9,
        "fields": {
            "md_owner": "",
            "md_description": "",
            "md_gateway_ref": "",
            "md_pcc_reference": "",
            "excerpt": "",
            "body": "[]",
            "wp_id": null,
            "parent": null,
            "source": null,
            "wp_template": null,
            "wp_slug": "",
            "real_parent": null,
            "wp_link": "",
            "raw_content": "",
            "model_fields": "",
            "content_fields": "",
            "content_field_blocks": "",
            "component_fields": "",
            "author": ""
        }
    },
    {
        "model": "pages.basepage",
        "pk": 10,
        "fields": {
            "md_owner": "",
            "md_description": "",
            "md_gateway_ref": "",
            "md_pcc_reference": "",
            "excerpt": "",
            "body": "[]",
            "wp_id": null,
            "parent": null,
            "source": null,
            "wp_template": null,
            "wp_slug": "",
            "real_parent": null,
            "wp_link": "",
            "raw_content": "",
            "model_fields": "",
            "content_fields": "",
            "content_field_blocks": "",
            "component_fields": "",
            "author": ""
        }
    },
    {
        "model": "pages.basepage",
        "pk": 11,
        "fields": {
            "md_owner": "",
            "md_description": "",
            "md_gateway_ref": "",
            "md_pcc_reference": "",
            "excerpt": "",
            "body": "[]",
            "wp_id": null,
            "parent": null,
            "source": null,
            "wp_template": null,
            "wp_slug": "",
            "real_parent": null,
            "wp_link": "",
            "raw_content": "",
            "model_fields": "",
            "content_fields": "",
            "content_field_blocks": "",
            "component_fields": "",
            "author": ""
        }
    },
    {
        "model": "pages.basepage",
        "pk": 12,
        "fields": {
            "md_owner": "",
            "md_description": "",
            "md_gateway_ref": "",
            "md_pcc_reference": "",
            "excerpt": "",
            "body": "[]",
            "wp_id": null,
            "parent": null,
            "source": null,
            "wp_template": null,
            "wp_slug": "",
            "real_parent": null,
            "wp_link": "",
            "raw_content": "",
            "model_fields": "",
            "content_fields": "",
            "content_field_blocks": "",
            "component_fields": "",
            "author": ""
        }
    },
    {
        "model": "pages.basepage",
        "pk": 13,
        "fields": {
            "md_owner": "",
            "md_description": "",
            "md_gateway_ref": "",
            "md_pcc_reference": "",
            "excerpt": "",
            "body": "[]",
            "wp_id": null,
            "parent": null,
            "source": null,
            "wp_template": null,
            "wp_slug": "",
            "real_parent": null,
            "wp_link": "",
            "raw_content": "",
            "model_fields": "",
            "content_fields": "",
            "content_field_blocks": "",
            "component_fields": "",
            "author": ""
        }
    },
    {
        "model": "pages.basepage",
        "pk": 14,
        "fields": {
            "md_owner": "",
            "md_description": "",
            "md_gateway_ref": "",
            "md_pcc_reference": "",
            "excerpt": "",
            "body": "[]",
            "wp_id": null,
            "parent": null,
            "source": null,
            "wp_template": null,
            "wp_slug": "",
            "real_parent": null,
            "wp_link": "",
            "raw_content": "",
            "model_fields": "",
            "content_fields": "",
            "content_field_blocks": "",
            "component_fields": "",
            "author": ""
        }
    },
    {
        "model": "pages.basepage",
        "pk": 15,
        "fields": {
            "md_owner": "",
            "md_description": "",
            "md_gateway_ref": "",
            "md_pcc_reference": "",
            "excerpt": "",
            "body": "[]",
            "wp_id": null,
            "parent": null,
            "source": null,
            "wp_template": null,
            "wp_slug": "",
            "real_parent": null,
            "wp_link": "",
            "raw_content": "",
            "model_fields": "",
            "content_fields": "",
            "content_field_blocks": "",
            "component_fields": "",
            "author": ""
        }
    },
    {
        "model": "pages.basepage",
        "pk": 16,
        "fields": {
            "md_owner": "",
            "md_description": "",
            "md_gateway_ref": "",
            "md_pcc_reference": "",
            "excerpt": "",
            "body": "[]",
            "wp_id": null,
            "parent": null,
            "source": null,
            "wp_template": null,
            "wp_slug": "",
            "real_parent": null,
            "wp_link": "",
            "raw_content": "",
            "model_fields": "",
            "content_fields": "",
            "content_field_blocks": "",
            "component_fields": "",
            "author": ""
        }
    },
    {
        "model": "pages.basepage",
        "pk": 17,
        "fields": {
            "md_owner": "",
            "md_description": "",
            "md_gateway_ref": "",
            "md_pcc_reference": "",
            "excerpt": "",
            "body": "[]",
            "wp_id": null,
            "parent": null,
            "source": null,
            "wp_template": null,
            "wp_slug": "",
            "real_parent": null,
            "wp_link": "",
            "raw_content": "",
            "model_fields": "",
            "content_fields": "",
            "content_field_blocks": "",
            "component_fields": "",
            "author": ""
        }
    },
    {
        "model": "pages.basepage",
        "pk": 18,
        "fields": {
            "md_owner": "",
            "md_description": "",
            "md_gateway_ref": "",
            "md_pcc_reference": "",
            "excerpt": "",
            "body": "[]",
            "wp_id": null,
            "parent": null,
            "source": null,
            "wp_template": null,
            "wp_slug": "",
            "real_parent": null,
            "wp_link": "",
            "raw_content": "",
            "model_fields": "",
            "content_fields": "",
            "content_field_blocks": "",
            "component_fields": "",
            "author": ""
        }
    },
    {
        "model": "pages.basepage",
        "pk": 19,
        "fields": {
            "md_owner": "",
            "md_description": "",
            "md_gateway_ref": "",
            "md_pcc_reference": "",
            "excerpt": "",
            "body": "[]",
            "wp_id": null,
            "parent": null,
            "source": null,
            "wp_template": null,
            "wp_slug": "",
            "real_parent": null,
            "wp_link": "",
            "raw_content": "",
            "model_fields": "",
            "content_fields": "",
            "content_field_blocks": "",
            "component_fields": "",
            "author": ""
        }
    },
    {
        "model": "pages.basepage",
        "pk": 20,
        "fields": {
            "md_owner": "",
            "md_description": "",
            "md_gateway_ref": "",
            "md_pcc_reference": "",
            "excerpt": "",
            "body": "[]",
            "wp_id": null,
            "parent": null,
            "source": null,
            "wp_template": null,
            "wp_slug": "",
            "real_parent": null,
            "wp_link": "",
            "raw_content": "",
            "model_fields": "",
            "content_fields": "",
            "content_field_blocks": "",
            "component_fields": "",
            "author": ""
        }
    },
    {
        "model": "pages.basepage",
        "pk": 21,
        "fields": {
            "md_owner": "",
            "md_description": "",
            "md_gateway_ref": "",
            "md_pcc_reference": "",
            "excerpt": "",
            "body": "[]",
            "wp_id": null,
            "parent": null,
            "source": null,
            "wp_template": null,
            "wp_slug": "",
            "real_parent": null,
            "wp_link": "",
            "raw_content": "",
            "model_fields": "",
            "content_fields": "",
            "content_field_blocks": "",
            "component_fields": "",
            "author": ""
        }
    },
    {
        "model": "pages.basepage",
        "pk": 22,
        "fields": {
            "md_owner": "",
            "md_description": "",
            "md_gateway_ref": "",
            "md_pcc_reference": "",
            "excerpt": "",
            "body": "[]",
            "wp_id": null,
            "parent": null,
            "source": null,
            "wp_template": null,
            "wp_slug": "",
            "real_parent": null,
            "wp_link": "",
            "raw_content": "",
            "model_fields": "",
            "content_fields": "",
            "content_field_blocks": "",
            "component_fields": "",
            "author": ""
        }
    },
    {
        "model": "pages.basepage",
        "pk": 23,
        "fields": {
            "md_owner": "",
            "md_description": "",
            "md_gateway_ref": "",
            "md_pcc_reference": "",
            "excerpt": "",
            "body": "[]",
            "wp_id": null,
            "parent": null,
            "source": null,
            "wp_template": null,
            "wp_slug": "",
            "real_parent": null,
            "wp_link": "",
            "raw_content": "",
            "model_fields": "",
            "content_fields": "",
            "content_field_blocks": "",
            "component_fields": "",
            "author": ""
        }
    },
    {
        "model": "pages.basepage",
        "pk": 24,
        "fields": {
            "md_owner": "",
            "md_description": "",
            "md_gateway_ref": "",
            "md_pcc_reference": "",
            "excerpt": "",
            "body": "[]",
            "wp_id": null,
            "parent": null,
            "source": null,
            "wp_template": null,
            "wp_slug": "",
            "real_parent": null,
            "wp_link": "",
            "raw_content": "",
            "model_fields": "",
            "content_fields": "",
            "content_field_blocks": "",
            "component_fields": "",
            "author": ""
        }
    },
    {
        "model": "pages.basepage",
        "pk": 25,
        "fields": {
            "md_owner": "",
            "md_description": "",
            "md_gateway_ref": "",
            "md_pcc_reference": "",
            "excerpt": "",
            "body": "[]",
            "wp_id": null,
            "parent": null,
            "source": null,
            "wp_template": null,
            "wp_slug": "",
            "real_parent": null,
            "wp_link": "",
            "raw_content": "",
            "model_fields": "",
            "content_fields": "",
            "content_field_blocks": "",
            "component_fields": "",
            "author": ""
        }
    },
    {
        "model": "pages.basepage",
        "pk": 26,
        "fields": {
            "md_owner": "",
            "md_description": "",
            "md_gateway_ref": "",
            "md_pcc_reference": "",
            "excerpt": "",
            "body": "[]",
            "wp_id": null,
            "parent": null,
            "source": null,
            "wp_template": null,
            "wp_slug": "",
            "real_parent": null,
            "wp_link": "",
            "raw_content": "",
            "model_fields": "",
            "content_fields": "",
            "content_field_blocks": "",
            "component_fields": "",
            "author": ""
        }
    },
    {
        "model": "pages.basepage",
        "pk": 27,
        "fields": {
            "md_owner": "",
            "md_description": "",
            "md_gateway_ref": "",
            "md_pcc_reference": "",
            "excerpt": "",
            "body": "[]",
            "wp_id": null,
            "parent": null,
            "source": null,
            "wp_template": null,
            "wp_slug": "",
            "real_parent": null,
            "wp_link": "",
            "raw_content": "",
            "model_fields": "",
            "content_fields": "",
            "content_field_blocks": "",
            "component_fields": "",
            "author": ""
        }
    },
    {
        "model": "pages.basepage",
        "pk": 28,
        "fields": {
            "md_owner": "",
            "md_description": "",
            "md_gateway_ref": "",
            "md_pcc_reference": "",
            "excerpt": "",
            "body": "[]",
            "wp_id": null,
            "parent": null,
            "source": null,
            "wp_template": null,
            "wp_slug": "",
            "real_parent": null,
            "wp_link": "",
            "raw_content": "",
            "model_fields": "",
            "content_fields": "",
            "content_field_blocks": "",
            "component_fields": "",
            "author": ""
        }
    },
    {
        "model": "pages.basepage",
        "pk": 29,
        "fields": {
            "md_owner": "",
            "md_description": "",
            "md_gateway_ref": "",
            "md_pcc_reference": "",
            "excerpt": "Lorem ipsum dolor sit amet, consectetur adipiscing elit. Praesent facilisis in purus a egestas.",
            "body": "[]",
            "wp_id": null,
            "parent": null,
            "source": null,
            "wp_template": null,
            "wp_slug": "",
            "real_parent": null,
            "wp_link": "",
            "raw_content": "",
            "model_fields": "",
            "content_fields": "",
            "content_field_blocks": "",
            "component_fields": "",
            "author": ""
        }
    },
    {
        "model": "pages.basepage",
        "pk": 30,
        "fields": {
            "md_owner": "",
            "md_description": "",
            "md_gateway_ref": "",
            "md_pcc_reference": "",
            "excerpt": "Lorem ipsum dolor sit amet, consectetur adipiscing elit. Praesent facilisis in purus a egestas.",
            "body": "[]",
            "wp_id": null,
            "parent": null,
            "source": null,
            "wp_template": null,
            "wp_slug": "",
            "real_parent": null,
            "wp_link": "",
            "raw_content": "",
            "model_fields": "",
            "content_fields": "",
            "content_field_blocks": "",
            "component_fields": "",
            "author": ""
        }
    },
    {
        "model": "pages.basepage",
        "pk": 31,
        "fields": {
            "md_owner": "",
            "md_description": "",
            "md_gateway_ref": "",
            "md_pcc_reference": "",
            "excerpt": "Lorem ipsum dolor sit amet, consectetur adipiscing elit. Praesent facilisis in purus a egestas.",
            "body": "[]",
            "wp_id": null,
            "parent": null,
            "source": null,
            "wp_template": null,
            "wp_slug": "",
            "real_parent": null,
            "wp_link": "",
            "raw_content": "",
            "model_fields": "",
            "content_fields": "",
            "content_field_blocks": "",
            "component_fields": "",
            "author": ""
        }
    },
    {
        "model": "pages.basepage",
        "pk": 32,
        "fields": {
            "md_owner": "",
            "md_description": "",
            "md_gateway_ref": "",
            "md_pcc_reference": "",
            "excerpt": "Ipsum dolor sit amet, consectetur adipiscing elit. Praesent facilisis in purus a egestas.",
            "body": "[]",
            "wp_id": null,
            "parent": null,
            "source": null,
            "wp_template": null,
            "wp_slug": "",
            "real_parent": null,
            "wp_link": "",
            "raw_content": "",
            "model_fields": "",
            "content_fields": "",
            "content_field_blocks": "",
            "component_fields": "",
            "author": ""
        }
    },
    {
        "model": "pages.basepage",
        "pk": 33,
        "fields": {
            "md_owner": "",
            "md_description": "",
            "md_gateway_ref": "",
            "md_pcc_reference": "",
            "excerpt": "Ipsum dolor sit amet, consectetur adipiscing elit. Praesent facilisis in purus a egestas.",
            "body": "[]",
            "wp_id": null,
            "parent": null,
            "source": null,
            "wp_template": null,
            "wp_slug": "",
            "real_parent": null,
            "wp_link": "",
            "raw_content": "",
            "model_fields": "",
            "content_fields": "",
            "content_field_blocks": "",
            "component_fields": "",
            "author": ""
        }
    },
    {
        "model": "pages.basepage",
        "pk": 34,
        "fields": {
            "md_owner": "",
            "md_description": "",
            "md_gateway_ref": "",
            "md_pcc_reference": "",
            "excerpt": "Ipsum dolor sit amet, consectetur adipiscing elit. Praesent facilisis in purus a egestas.",
            "body": "[]",
            "wp_id": null,
            "parent": null,
            "source": null,
            "wp_template": null,
            "wp_slug": "",
            "real_parent": null,
            "wp_link": "",
            "raw_content": "",
            "model_fields": "",
            "content_fields": "",
            "content_field_blocks": "",
            "component_fields": "",
            "author": ""
        }
    },
    {
        "model": "core.coresettings",
        "pk": 1,
        "fields": {
            "site": 2,
            "alert_banner": "",
            "is_visible": false,
            "header_extra": null,
            "footer_extra": null
        }
    },
    {
        "model": "core.extendedmainmenuitem",
        "pk": 1,
        "fields": {
            "sort_order": 0,
            "link_page": 5,
            "link_url": null,
            "url_append": "",
            "handle": "",
            "link_text": "",
            "allow_subnav": true,
            "menu": 1,
            "caption": "Making sure that everyone with cancer receives care, support and treatment"
        }
    },
    {
        "model": "core.extendedmainmenuitem",
        "pk": 2,
        "fields": {
            "sort_order": 1,
            "link_page": 14,
            "link_url": null,
            "url_append": "",
            "handle": "",
            "link_text": "",
            "allow_subnav": false,
            "menu": 1,
            "caption": "The process of assessing needs, planning,  prioritising, purchasing, and monitoring  health services"
        }
    },
    {
        "model": "core.extendedmainmenuitem",
        "pk": 3,
        "fields": {
            "sort_order": 2,
            "link_page": 15,
            "link_url": null,
            "url_append": "",
            "handle": "",
            "link_text": "",
            "allow_subnav": false,
            "menu": 1,
            "caption": "Context and challenges around palliative  and end of life care"
        }
    },
    {
        "model": "core.extendedmainmenuitem",
        "pk": 4,
        "fields": {
            "sort_order": 3,
            "link_page": 16,
            "link_url": null,
            "url_append": "",
            "handle": "",
            "link_text": "",
            "allow_subnav": false,
            "menu": 1,
            "caption": "Giving patients earlier diagnoses and  more life-long control over staying well"
        }
    },
    {
        "model": "core.extendedmainmenuitem",
        "pk": 5,
        "fields": {
            "sort_order": 4,
            "link_page": 17,
            "link_url": null,
            "url_append": "",
            "handle": "",
            "link_text": "",
            "allow_subnav": false,
            "menu": 1,
            "caption": "Helping health and care professionals communicate better and enabling people  to access care quickly and easily"
        }
    },
    {
        "model": "core.extendedmainmenuitem",
        "pk": 6,
        "fields": {
            "sort_order": 5,
            "link_page": 18,
            "link_url": null,
            "url_append": "",
            "handle": "",
            "link_text": "",
            "allow_subnav": false,
            "menu": 1,
            "caption": "Giving patients earlier diagnoses and  more life-long control over staying well"
        }
    },
    {
        "model": "core.extendedmainmenuitem",
        "pk": 7,
        "fields": {
            "sort_order": 6,
            "link_page": 19,
            "link_url": null,
            "url_append": "",
            "handle": "",
            "link_text": "",
            "allow_subnav": false,
            "menu": 1,
            "caption": "Giving people the support they need and removing the experience of disjointed care"
        }
    },
    {
        "model": "core.extendedmainmenuitem",
        "pk": 8,
        "fields": {
            "sort_order": 7,
            "link_page": 20,
            "link_url": null,
            "url_append": "",
            "handle": "",
            "link_text": "",
            "allow_subnav": true,
            "menu": 1,
            "caption": "Improving services for people with a  learning disability, autism or both"
        }
    },
    {
        "model": "core.extendedmainmenuitem",
        "pk": 9,
        "fields": {
            "sort_order": 8,
            "link_page": 21,
            "link_url": null,
            "url_append": "",
            "handle": "",
            "link_text": "",
            "allow_subnav": false,
            "menu": 1,
            "caption": "Making the NHS an employer of  excellence by investing in our people"
        }
    },
    {
        "model": "core.extendedmainmenuitem",
        "pk": 10,
        "fields": {
            "sort_order": 9,
            "link_page": 22,
            "link_url": null,
            "url_append": "",
            "handle": "",
            "link_text": "",
            "allow_subnav": false,
            "menu": 1,
            "caption": "Improve outcomes and experiences of people with mental health problems"
        }
    },
    {
        "model": "core.extendedmainmenuitem",
        "pk": 11,
        "fields": {
            "sort_order": 10,
            "link_page": 23,
            "link_url": null,
            "url_append": "",
            "handle": "",
            "link_text": "",
            "allow_subnav": false,
            "menu": 1,
            "caption": "Leading transformational change  across health and care"
        }
    },
    {
        "model": "core.extendedmainmenuitem",
        "pk": 12,
        "fields": {
            "sort_order": 11,
            "link_page": 24,
            "link_url": null,
            "url_append": "",
            "handle": "",
            "link_text": "",
            "allow_subnav": false,
            "menu": 1,
            "caption": "The avoidance of unintended or unexpected harm during the provision of health care"
        }
    },
    {
        "model": "core.extendedmainmenuitem",
        "pk": 13,
        "fields": {
            "sort_order": 12,
            "link_page": 25,
            "link_url": null,
            "url_append": "",
            "handle": "",
            "link_text": "",
            "allow_subnav": false,
            "menu": 1,
            "caption": "Personalised care is based on \u2018what matters\u2019 to people and their individual strengths and needs"
        }
    },
    {
        "model": "core.extendedmainmenuitem",
        "pk": 14,
        "fields": {
            "sort_order": 13,
            "link_page": 26,
            "link_url": null,
            "url_append": "",
            "handle": "",
            "link_text": "",
            "allow_subnav": false,
            "menu": 1,
            "caption": "We publish statistics on a range of  health and care subjects"
        }
    },
    {
        "model": "core.extendedmainmenuitem",
        "pk": 15,
        "fields": {
            "sort_order": 14,
            "link_page": 27,
            "link_url": null,
            "url_append": "",
            "handle": "",
            "link_text": "",
            "allow_subnav": false,
            "menu": 1,
            "caption": "Helping with your own health and wellbeing while looking after others"
        }
    },
    {
        "model": "core.extendedmainmenuitem",
        "pk": 16,
        "fields": {
            "sort_order": 15,
            "link_page": 28,
            "link_url": null,
            "url_append": "",
            "handle": "",
            "link_text": "",
            "allow_subnav": false,
            "menu": 1,
            "caption": "Ensuring patients get the right care in  the right place, whenever they need it"
        }
    },
    {
        "model": "wagtailusers.userprofile",
        "pk": 1,
        "fields": {
            "user": 1,
            "submitted_notifications": true,
            "approved_notifications": true,
            "rejected_notifications": true,
            "updated_comments_notifications": true,
            "preferred_language": "",
            "current_time_zone": "",
            "avatar": ""
        }
    },
    {
        "model": "wagtailcore.locale",
        "pk": 1,
        "fields": {
            "language_code": "en"
        }
    },
    {
        "model": "wagtailcore.site",
        "pk": 2,
        "fields": {
            "hostname": "localhost",
            "port": 80,
            "site_name": "",
            "root_page": 3,
            "is_default_site": true
        }
    },
    {
        "model": "wagtailcore.page",
        "pk": 1,
        "fields": {
            "path": "0001",
            "depth": 1,
            "numchild": 1,
            "translation_key": "9a1e742c-4c94-4fdb-9d49-22e0c4d36cb3",
            "locale": 1,
            "title": "Root",
            "draft_title": "Root",
            "slug": "root",
            "content_type": 1,
            "live": true,
            "has_unpublished_changes": false,
            "url_path": "/",
            "owner": null,
            "seo_title": "",
            "show_in_menus": false,
            "search_description": "",
            "go_live_at": null,
            "expire_at": null,
            "expired": false,
            "locked": false,
            "locked_at": null,
            "locked_by": null,
            "first_published_at": null,
            "last_published_at": null,
            "latest_revision_created_at": null,
            "alias_of": null
        }
    },
    {
        "model": "wagtailcore.page",
        "pk": 3,
        "fields": {
            "path": "00010001",
            "depth": 2,
            "numchild": 23,
            "translation_key": "f2be2015-ae38-4769-bcff-bae4b4108d8c",
            "locale": 1,
            "title": "Home",
            "draft_title": "Home",
            "slug": "home",
            "content_type": 4,
            "live": true,
            "has_unpublished_changes": false,
            "url_path": "/home/",
            "owner": null,
            "seo_title": "",
            "show_in_menus": false,
            "search_description": "",
            "go_live_at": null,
            "expire_at": null,
            "expired": false,
            "locked": false,
            "locked_at": null,
            "locked_by": null,
            "first_published_at": null,
            "last_published_at": null,
            "latest_revision_created_at": null,
            "alias_of": null
        }
    },
    {
        "model": "wagtailcore.page",
        "pk": 4,
        "fields": {
            "path": "000100010001",
            "depth": 3,
            "numchild": 0,
            "translation_key": "26ef9f2e-c7a1-4d0f-81ff-fe852fe157af",
            "locale": 1,
            "title": "Contact us",
            "draft_title": "Contact us",
            "slug": "contact-us",
            "content_type": 17,
            "live": true,
            "has_unpublished_changes": false,
            "url_path": "/home/contact-us/",
            "owner": 1,
            "seo_title": "",
            "show_in_menus": true,
            "search_description": "",
            "go_live_at": null,
            "expire_at": null,
            "expired": false,
            "locked": false,
            "locked_at": null,
            "locked_by": null,
            "first_published_at": "2022-03-15T12:02:12.211Z",
            "last_published_at": "2022-03-15T12:17:46.758Z",
            "latest_revision_created_at": "2022-03-15T12:17:46.413Z",
            "alias_of": null
        }
    },
    {
        "model": "wagtailcore.page",
        "pk": 5,
        "fields": {
            "path": "000100010002",
            "depth": 3,
            "numchild": 7,
            "translation_key": "8048e07e-c07c-44bc-89dc-70ac451b5670",
            "locale": 1,
            "title": "Cancer",
            "draft_title": "Cancer",
            "slug": "cancer",
            "content_type": 17,
            "live": true,
            "has_unpublished_changes": false,
            "url_path": "/home/cancer/",
            "owner": 1,
            "seo_title": "",
            "show_in_menus": true,
            "search_description": "",
            "go_live_at": null,
            "expire_at": null,
            "expired": false,
            "locked": false,
            "locked_at": null,
            "locked_by": null,
            "first_published_at": "2022-03-15T12:03:21.575Z",
            "last_published_at": "2022-03-28T13:08:15.794Z",
            "latest_revision_created_at": "2022-03-28T13:08:15.499Z",
            "alias_of": null
        }
    },
    {
        "model": "wagtailcore.page",
        "pk": 6,
        "fields": {
            "path": "0001000100020001",
            "depth": 4,
            "numchild": 1,
            "translation_key": "0cfe3fbe-2fe1-4b5b-88b4-4fcdc69ca3fd",
            "locale": 1,
            "title": "Cancer level 2",
            "draft_title": "Cancer level 2",
            "slug": "cancer-level-2",
            "content_type": 17,
            "live": true,
            "has_unpublished_changes": false,
            "url_path": "/home/cancer/cancer-level-2/",
            "owner": 1,
            "seo_title": "",
            "show_in_menus": true,
            "search_description": "",
            "go_live_at": null,
            "expire_at": null,
            "expired": false,
            "locked": false,
            "locked_at": null,
            "locked_by": null,
            "first_published_at": "2022-03-15T12:04:19.481Z",
            "last_published_at": "2022-03-22T10:15:53.313Z",
            "latest_revision_created_at": "2022-03-22T10:15:53.006Z",
            "alias_of": null
        }
    },
    {
        "model": "wagtailcore.page",
        "pk": 7,
        "fields": {
            "path": "00010001000200010001",
            "depth": 5,
            "numchild": 0,
            "translation_key": "33d99ab2-5710-4d59-aa8b-eb1cd76f1fba",
            "locale": 1,
            "title": "Cancer level 3",
            "draft_title": "Cancer level 3",
            "slug": "cancer-level-3",
            "content_type": 17,
            "live": true,
            "has_unpublished_changes": false,
            "url_path": "/home/cancer/cancer-level-2/cancer-level-3/",
            "owner": 1,
            "seo_title": "",
            "show_in_menus": true,
            "search_description": "",
            "go_live_at": null,
            "expire_at": null,
            "expired": false,
            "locked": false,
            "locked_at": null,
            "locked_by": null,
            "first_published_at": "2022-03-15T12:04:38.692Z",
            "last_published_at": "2022-03-22T10:16:07.263Z",
            "latest_revision_created_at": "2022-03-22T10:16:06.946Z",
            "alias_of": null
        }
    },
    {
        "model": "wagtailcore.page",
        "pk": 8,
        "fields": {
            "path": "000100010003",
            "depth": 3,
            "numchild": 0,
            "translation_key": "a8600fb6-71f2-47ed-81ae-8c72089c7387",
            "locale": 1,
            "title": "About us",
            "draft_title": "About us",
            "slug": "about-us",
            "content_type": 17,
            "live": true,
            "has_unpublished_changes": false,
            "url_path": "/home/about-us/",
            "owner": 1,
            "seo_title": "",
            "show_in_menus": true,
            "search_description": "",
            "go_live_at": null,
            "expire_at": null,
            "expired": false,
            "locked": false,
            "locked_at": null,
            "locked_by": null,
            "first_published_at": "2022-03-15T15:13:28.070Z",
            "last_published_at": "2022-03-15T15:13:28.070Z",
            "latest_revision_created_at": "2022-03-15T15:13:27.788Z",
            "alias_of": null
        }
    },
    {
        "model": "wagtailcore.page",
        "pk": 9,
        "fields": {
            "path": "000100010004",
            "depth": 3,
            "numchild": 0,
            "translation_key": "6bf5091d-d3ce-4bca-91d0-1bb7f86223f0",
            "locale": 1,
            "title": "News",
            "draft_title": "News",
            "slug": "news",
            "content_type": 17,
            "live": true,
            "has_unpublished_changes": false,
            "url_path": "/home/news/",
            "owner": 1,
            "seo_title": "",
            "show_in_menus": true,
            "search_description": "",
            "go_live_at": null,
            "expire_at": null,
            "expired": false,
            "locked": false,
            "locked_at": null,
            "locked_by": null,
            "first_published_at": "2022-03-15T15:16:45.128Z",
            "last_published_at": "2022-03-15T15:16:45.128Z",
            "latest_revision_created_at": "2022-03-15T15:16:44.891Z",
            "alias_of": null
        }
    },
    {
        "model": "wagtailcore.page",
        "pk": 10,
        "fields": {
            "path": "000100010005",
            "depth": 3,
            "numchild": 0,
            "translation_key": "4c80867d-8906-47ed-a31b-a2b7f92f6892",
            "locale": 1,
            "title": "Our work",
            "draft_title": "Our work",
            "slug": "our-work",
            "content_type": 17,
            "live": true,
            "has_unpublished_changes": false,
            "url_path": "/home/our-work/",
            "owner": 1,
            "seo_title": "",
            "show_in_menus": true,
            "search_description": "",
            "go_live_at": null,
            "expire_at": null,
            "expired": false,
            "locked": false,
            "locked_at": null,
            "locked_by": null,
            "first_published_at": "2022-03-15T15:27:16.412Z",
            "last_published_at": "2022-03-15T15:27:16.412Z",
            "latest_revision_created_at": "2022-03-15T15:27:16.107Z",
            "alias_of": null
        }
    },
    {
        "model": "wagtailcore.page",
        "pk": 11,
        "fields": {
            "path": "000100010006",
            "depth": 3,
            "numchild": 0,
            "translation_key": "d8cc709e-6b2a-4995-820f-905f46d3f784",
            "locale": 1,
            "title": "Regional team",
            "draft_title": "Regional team",
            "slug": "regional-team",
            "content_type": 17,
            "live": true,
            "has_unpublished_changes": false,
            "url_path": "/home/regional-team/",
            "owner": 1,
            "seo_title": "",
            "show_in_menus": true,
            "search_description": "",
            "go_live_at": null,
            "expire_at": null,
            "expired": false,
            "locked": false,
            "locked_at": null,
            "locked_by": null,
            "first_published_at": "2022-03-15T15:31:19.457Z",
            "last_published_at": "2022-03-15T15:31:19.457Z",
            "latest_revision_created_at": "2022-03-15T15:31:19.217Z",
            "alias_of": null
        }
    },
    {
        "model": "wagtailcore.page",
        "pk": 12,
        "fields": {
            "path": "000100010007",
            "depth": 3,
            "numchild": 0,
            "translation_key": "c3f9eca9-d7f4-4c9c-a7ed-139f081078ca",
            "locale": 1,
            "title": "Get involved",
            "draft_title": "Get involved",
            "slug": "get-involved",
            "content_type": 17,
            "live": true,
            "has_unpublished_changes": false,
            "url_path": "/home/get-involved/",
            "owner": 1,
            "seo_title": "",
            "show_in_menus": true,
            "search_description": "",
            "go_live_at": null,
            "expire_at": null,
            "expired": false,
            "locked": false,
            "locked_at": null,
            "locked_by": null,
            "first_published_at": "2022-03-15T15:32:05.416Z",
            "last_published_at": "2022-03-15T15:32:05.416Z",
            "latest_revision_created_at": "2022-03-15T15:32:05.161Z",
            "alias_of": null
        }
    },
    {
        "model": "wagtailcore.page",
        "pk": 13,
        "fields": {
            "path": "000100010008",
            "depth": 3,
            "numchild": 0,
            "translation_key": "1fa9f496-00d3-4173-ae37-500e5077caac",
            "locale": 1,
            "title": "Working for us",
            "draft_title": "Working for us",
            "slug": "working-for-us",
            "content_type": 17,
            "live": true,
            "has_unpublished_changes": false,
            "url_path": "/home/working-for-us/",
            "owner": 1,
            "seo_title": "",
            "show_in_menus": true,
            "search_description": "",
            "go_live_at": null,
            "expire_at": null,
            "expired": false,
            "locked": false,
            "locked_at": null,
            "locked_by": null,
            "first_published_at": "2022-03-15T15:33:14.771Z",
            "last_published_at": "2022-03-15T15:33:14.771Z",
            "latest_revision_created_at": "2022-03-15T15:33:14.556Z",
            "alias_of": null
        }
    },
    {
        "model": "wagtailcore.page",
        "pk": 14,
        "fields": {
            "path": "000100010009",
            "depth": 3,
            "numchild": 0,
            "translation_key": "dad1b499-448b-49bb-ab05-49f5f2953dba",
            "locale": 1,
            "title": "Commissioning",
            "draft_title": "Commissioning",
            "slug": "commissioning",
            "content_type": 17,
            "live": true,
            "has_unpublished_changes": false,
            "url_path": "/home/commissioning/",
            "owner": 1,
            "seo_title": "",
            "show_in_menus": true,
            "search_description": "",
            "go_live_at": null,
            "expire_at": null,
            "expired": false,
            "locked": false,
            "locked_at": null,
            "locked_by": null,
            "first_published_at": "2022-03-15T15:46:37.179Z",
            "last_published_at": "2022-03-15T15:46:37.179Z",
            "latest_revision_created_at": "2022-03-15T15:46:36.819Z",
            "alias_of": null
        }
    },
    {
        "model": "wagtailcore.page",
        "pk": 15,
        "fields": {
            "path": "00010001000A",
            "depth": 3,
            "numchild": 0,
            "translation_key": "0d4dbeca-2421-4f25-8236-461fd9989985",
            "locale": 1,
            "title": "End of life care",
            "draft_title": "End of life care",
            "slug": "end-of-life-care",
            "content_type": 17,
            "live": true,
            "has_unpublished_changes": false,
            "url_path": "/home/end-of-life-care/",
            "owner": 1,
            "seo_title": "",
            "show_in_menus": true,
            "search_description": "",
            "go_live_at": null,
            "expire_at": null,
            "expired": false,
            "locked": false,
            "locked_at": null,
            "locked_by": null,
            "first_published_at": "2022-03-16T09:00:21.960Z",
            "last_published_at": "2022-03-16T09:00:21.960Z",
            "latest_revision_created_at": "2022-03-16T09:00:21.728Z",
            "alias_of": null
        }
    },
    {
        "model": "wagtailcore.page",
        "pk": 16,
        "fields": {
            "path": "00010001000B",
            "depth": 3,
            "numchild": 0,
            "translation_key": "f742115e-0fad-4fa5-8bf5-d5e4ca4d5a64",
            "locale": 1,
            "title": "Diabetes",
            "draft_title": "Diabetes",
            "slug": "diabetes",
            "content_type": 17,
            "live": true,
            "has_unpublished_changes": false,
            "url_path": "/home/diabetes/",
            "owner": 1,
            "seo_title": "",
            "show_in_menus": true,
            "search_description": "",
            "go_live_at": null,
            "expire_at": null,
            "expired": false,
            "locked": false,
            "locked_at": null,
            "locked_by": null,
            "first_published_at": "2022-03-16T09:56:09.900Z",
            "last_published_at": "2022-03-16T09:56:09.900Z",
            "latest_revision_created_at": "2022-03-16T09:56:09.678Z",
            "alias_of": null
        }
    },
    {
        "model": "wagtailcore.page",
        "pk": 17,
        "fields": {
            "path": "00010001000C",
            "depth": 3,
            "numchild": 0,
            "translation_key": "2ff014d3-408a-4b43-aa67-e872ae8bdddd",
            "locale": 1,
            "title": "Digital Transformation",
            "draft_title": "Digital Transformation",
            "slug": "digital-transformation",
            "content_type": 17,
            "live": true,
            "has_unpublished_changes": false,
            "url_path": "/home/digital-transformation/",
            "owner": 1,
            "seo_title": "",
            "show_in_menus": true,
            "search_description": "",
            "go_live_at": null,
            "expire_at": null,
            "expired": false,
            "locked": false,
            "locked_at": null,
            "locked_by": null,
            "first_published_at": "2022-03-16T10:14:39.304Z",
            "last_published_at": "2022-03-16T10:14:39.304Z",
            "latest_revision_created_at": "2022-03-16T10:14:39.037Z",
            "alias_of": null
        }
    },
    {
        "model": "wagtailcore.page",
        "pk": 18,
        "fields": {
            "path": "00010001000D",
            "depth": 3,
            "numchild": 0,
            "translation_key": "a23d97b7-6d4a-4d43-aebc-c91b99e4c725",
            "locale": 1,
            "title": "General Practice",
            "draft_title": "General Practice",
            "slug": "general-practice",
            "content_type": 17,
            "live": true,
            "has_unpublished_changes": false,
            "url_path": "/home/general-practice/",
            "owner": 1,
            "seo_title": "",
            "show_in_menus": true,
            "search_description": "",
            "go_live_at": null,
            "expire_at": null,
            "expired": false,
            "locked": false,
            "locked_at": null,
            "locked_by": null,
            "first_published_at": "2022-03-16T10:17:09.342Z",
            "last_published_at": "2022-03-16T10:17:09.342Z",
            "latest_revision_created_at": "2022-03-16T10:17:09.131Z",
            "alias_of": null
        }
    },
    {
        "model": "wagtailcore.page",
        "pk": 19,
        "fields": {
            "path": "00010001000E",
            "depth": 3,
            "numchild": 0,
            "translation_key": "bf221293-e717-4098-98c6-b0e5372d92e8",
            "locale": 1,
            "title": "Integrated care",
            "draft_title": "Integrated care",
            "slug": "integrated-care",
            "content_type": 17,
            "live": true,
            "has_unpublished_changes": false,
            "url_path": "/home/integrated-care/",
            "owner": 1,
            "seo_title": "",
            "show_in_menus": true,
            "search_description": "",
            "go_live_at": null,
            "expire_at": null,
            "expired": false,
            "locked": false,
            "locked_at": null,
            "locked_by": null,
            "first_published_at": "2022-03-16T10:20:21.645Z",
            "last_published_at": "2022-03-16T10:20:21.645Z",
            "latest_revision_created_at": "2022-03-16T10:20:21.457Z",
            "alias_of": null
        }
    },
    {
        "model": "wagtailcore.page",
        "pk": 20,
        "fields": {
            "path": "00010001000F",
            "depth": 3,
            "numchild": 0,
            "translation_key": "c05006d2-9592-4373-ab0d-c8809eb1b905",
            "locale": 1,
            "title": "Learning disabilities & autism",
            "draft_title": "Learning disabilities & autism",
            "slug": "learning-disabilities-autism",
            "content_type": 17,
            "live": true,
            "has_unpublished_changes": false,
            "url_path": "/home/learning-disabilities-autism/",
            "owner": 1,
            "seo_title": "",
            "show_in_menus": true,
            "search_description": "",
            "go_live_at": null,
            "expire_at": null,
            "expired": false,
            "locked": false,
            "locked_at": null,
            "locked_by": null,
            "first_published_at": "2022-03-16T10:23:32.919Z",
            "last_published_at": "2022-03-16T10:23:32.919Z",
            "latest_revision_created_at": "2022-03-16T10:23:32.683Z",
            "alias_of": null
        }
    },
    {
        "model": "wagtailcore.page",
        "pk": 21,
        "fields": {
            "path": "00010001000G",
            "depth": 3,
            "numchild": 0,
            "translation_key": "14100991-691e-4cfd-8196-c00297e18b9b",
            "locale": 1,
            "title": "Looking after our people",
            "draft_title": "Looking after our people",
            "slug": "looking-after-our-people",
            "content_type": 17,
            "live": true,
            "has_unpublished_changes": false,
            "url_path": "/home/looking-after-our-people/",
            "owner": 1,
            "seo_title": "",
            "show_in_menus": true,
            "search_description": "",
            "go_live_at": null,
            "expire_at": null,
            "expired": false,
            "locked": false,
            "locked_at": null,
            "locked_by": null,
            "first_published_at": "2022-03-16T10:27:13.565Z",
            "last_published_at": "2022-03-16T10:27:13.565Z",
            "latest_revision_created_at": "2022-03-16T10:27:13.243Z",
            "alias_of": null
        }
    },
    {
        "model": "wagtailcore.page",
        "pk": 22,
        "fields": {
            "path": "00010001000H",
            "depth": 3,
            "numchild": 0,
            "translation_key": "9d34bebd-92c5-412d-a0bf-fbf912f253df",
            "locale": 1,
            "title": "Mental Health",
            "draft_title": "Mental Health",
            "slug": "mental-health",
            "content_type": 17,
            "live": true,
            "has_unpublished_changes": false,
            "url_path": "/home/mental-health/",
            "owner": 1,
            "seo_title": "",
            "show_in_menus": true,
            "search_description": "",
            "go_live_at": null,
            "expire_at": null,
            "expired": false,
            "locked": false,
            "locked_at": null,
            "locked_by": null,
            "first_published_at": "2022-03-16T10:29:04.261Z",
            "last_published_at": "2022-03-16T10:29:04.261Z",
            "latest_revision_created_at": "2022-03-16T10:29:04.058Z",
            "alias_of": null
        }
    },
    {
        "model": "wagtailcore.page",
        "pk": 23,
        "fields": {
            "path": "00010001000I",
            "depth": 3,
            "numchild": 0,
            "translation_key": "71f87d3f-f82c-4945-b2fb-1ea63e4522b8",
            "locale": 1,
            "title": "Nursing, midwifery & care staff",
            "draft_title": "Nursing, midwifery & care staff",
            "slug": "nursing-midwifery-care-staff",
            "content_type": 17,
            "live": true,
            "has_unpublished_changes": false,
            "url_path": "/home/nursing-midwifery-care-staff/",
            "owner": 1,
            "seo_title": "",
            "show_in_menus": true,
            "search_description": "",
            "go_live_at": null,
            "expire_at": null,
            "expired": false,
            "locked": false,
            "locked_at": null,
            "locked_by": null,
            "first_published_at": "2022-03-16T10:32:33.669Z",
            "last_published_at": "2022-03-16T10:32:33.669Z",
            "latest_revision_created_at": "2022-03-16T10:32:33.484Z",
            "alias_of": null
        }
    },
    {
        "model": "wagtailcore.page",
        "pk": 24,
        "fields": {
            "path": "00010001000J",
            "depth": 3,
            "numchild": 0,
            "translation_key": "cc3649a1-8530-446a-96a3-f60a298ed82a",
            "locale": 1,
            "title": "Patient safety",
            "draft_title": "Patient safety",
            "slug": "patient-safety",
            "content_type": 17,
            "live": true,
            "has_unpublished_changes": false,
            "url_path": "/home/patient-safety/",
            "owner": 1,
            "seo_title": "",
            "show_in_menus": true,
            "search_description": "",
            "go_live_at": null,
            "expire_at": null,
            "expired": false,
            "locked": false,
            "locked_at": null,
            "locked_by": null,
            "first_published_at": "2022-03-16T10:34:38.168Z",
            "last_published_at": "2022-03-16T10:34:38.168Z",
            "latest_revision_created_at": "2022-03-16T10:34:37.944Z",
            "alias_of": null
        }
    },
    {
        "model": "wagtailcore.page",
        "pk": 25,
        "fields": {
            "path": "00010001000K",
            "depth": 3,
            "numchild": 0,
            "translation_key": "ff38fb56-f20d-44a4-9ffb-bfb4c71fa53b",
            "locale": 1,
            "title": "Personalised Car",
            "draft_title": "Personalised Car",
            "slug": "personalised-car",
            "content_type": 17,
            "live": true,
            "has_unpublished_changes": false,
            "url_path": "/home/personalised-car/",
            "owner": 1,
            "seo_title": "",
            "show_in_menus": true,
            "search_description": "",
            "go_live_at": null,
            "expire_at": null,
            "expired": false,
            "locked": false,
            "locked_at": null,
            "locked_by": null,
            "first_published_at": "2022-03-16T10:36:12.743Z",
            "last_published_at": "2022-03-16T10:36:12.743Z",
            "latest_revision_created_at": "2022-03-16T10:36:12.520Z",
            "alias_of": null
        }
    },
    {
        "model": "wagtailcore.page",
        "pk": 26,
        "fields": {
            "path": "00010001000L",
            "depth": 3,
            "numchild": 0,
            "translation_key": "b5931d9b-83f8-4616-8399-5a2c49b64439",
            "locale": 1,
            "title": "Statistic",
            "draft_title": "Statistic",
            "slug": "statistic",
            "content_type": 17,
            "live": true,
            "has_unpublished_changes": false,
            "url_path": "/home/statistic/",
            "owner": 1,
            "seo_title": "",
            "show_in_menus": true,
            "search_description": "",
            "go_live_at": null,
            "expire_at": null,
            "expired": false,
            "locked": false,
            "locked_at": null,
            "locked_by": null,
            "first_published_at": "2022-03-16T10:38:53.253Z",
            "last_published_at": "2022-03-16T10:38:53.253Z",
            "latest_revision_created_at": "2022-03-16T10:38:53.015Z",
            "alias_of": null
        }
    },
    {
        "model": "wagtailcore.page",
        "pk": 27,
        "fields": {
            "path": "00010001000M",
            "depth": 3,
            "numchild": 0,
            "translation_key": "5918ea5c-df3f-43b5-bcf4-f0f8a7de596a",
            "locale": 1,
            "title": "Supporting our NHS people",
            "draft_title": "Supporting our NHS people",
            "slug": "supporting-our-nhs-people",
            "content_type": 17,
            "live": true,
            "has_unpublished_changes": false,
            "url_path": "/home/supporting-our-nhs-people/",
            "owner": 1,
            "seo_title": "",
            "show_in_menus": true,
            "search_description": "",
            "go_live_at": null,
            "expire_at": null,
            "expired": false,
            "locked": false,
            "locked_at": null,
            "locked_by": null,
            "first_published_at": "2022-03-16T10:40:07.101Z",
            "last_published_at": "2022-03-16T10:40:07.101Z",
            "latest_revision_created_at": "2022-03-16T10:40:06.862Z",
            "alias_of": null
        }
    },
    {
        "model": "wagtailcore.page",
        "pk": 28,
        "fields": {
            "path": "00010001000N",
            "depth": 3,
            "numchild": 0,
            "translation_key": "3586a4c5-bbb8-4460-b45e-07d6a9795842",
            "locale": 1,
            "title": "Urgent and emergency care",
            "draft_title": "Urgent and emergency care",
            "slug": "urgent-and-emergency-care",
            "content_type": 17,
            "live": true,
            "has_unpublished_changes": false,
            "url_path": "/home/urgent-and-emergency-care/",
            "owner": 1,
            "seo_title": "",
            "show_in_menus": true,
            "search_description": "",
            "go_live_at": null,
            "expire_at": null,
            "expired": false,
            "locked": false,
            "locked_at": null,
            "locked_by": null,
            "first_published_at": "2022-03-16T10:49:07.329Z",
            "last_published_at": "2022-03-16T10:49:07.329Z",
            "latest_revision_created_at": "2022-03-16T10:49:07.111Z",
            "alias_of": null
        }
    },
    {
        "model": "wagtailcore.page",
        "pk": 29,
        "fields": {
            "path": "0001000100020002",
            "depth": 4,
            "numchild": 0,
            "translation_key": "bd494b39-0b7a-4c53-8d31-cece32508c6e",
            "locale": 1,
            "title": "About cancer",
            "draft_title": "About cancer",
            "slug": "about-cancer",
            "content_type": 17,
            "live": true,
            "has_unpublished_changes": false,
            "url_path": "/home/cancer/about-cancer/",
            "owner": 1,
            "seo_title": "",
            "show_in_menus": true,
            "search_description": "",
            "go_live_at": null,
            "expire_at": null,
            "expired": false,
            "locked": false,
            "locked_at": null,
            "locked_by": null,
            "first_published_at": "2022-03-22T13:58:54.997Z",
            "last_published_at": "2022-03-23T08:39:57.572Z",
            "latest_revision_created_at": "2022-03-23T08:39:57.267Z",
            "alias_of": null
        }
    },
    {
        "model": "wagtailcore.page",
        "pk": 30,
        "fields": {
            "path": "0001000100020003",
            "depth": 4,
            "numchild": 0,
            "translation_key": "9f848b3b-44af-43f2-bce3-f87ed8a697b4",
            "locale": 1,
            "title": "Cancer drug fund",
            "draft_title": "Cancer drug fund",
            "slug": "cancer-drug-fund",
            "content_type": 17,
            "live": true,
            "has_unpublished_changes": false,
            "url_path": "/home/cancer/cancer-drug-fund/",
            "owner": 1,
            "seo_title": "",
            "show_in_menus": true,
            "search_description": "",
            "go_live_at": null,
            "expire_at": null,
            "expired": false,
            "locked": false,
            "locked_at": null,
            "locked_by": null,
            "first_published_at": "2022-03-22T14:11:39.128Z",
            "last_published_at": "2022-03-23T08:39:41.188Z",
            "latest_revision_created_at": "2022-03-23T08:39:40.936Z",
            "alias_of": null
        }
    },
    {
        "model": "wagtailcore.page",
        "pk": 31,
        "fields": {
            "path": "0001000100020004",
            "depth": 4,
            "numchild": 0,
            "translation_key": "cebeeb17-9118-4383-835e-e164721cfafb",
            "locale": 1,
            "title": "Case studies",
            "draft_title": "Case studies",
            "slug": "case-studies",
            "content_type": 17,
            "live": true,
            "has_unpublished_changes": false,
            "url_path": "/home/cancer/case-studies/",
            "owner": 1,
            "seo_title": "",
            "show_in_menus": false,
            "search_description": "",
            "go_live_at": null,
            "expire_at": null,
            "expired": false,
            "locked": false,
            "locked_at": null,
            "locked_by": null,
            "first_published_at": "2022-03-22T14:12:12.883Z",
            "last_published_at": "2022-03-22T14:12:12.883Z",
            "latest_revision_created_at": "2022-03-22T14:12:12.602Z",
            "alias_of": null
        }
    },
    {
        "model": "wagtailcore.page",
        "pk": 32,
        "fields": {
            "path": "0001000100020005",
            "depth": 4,
            "numchild": 0,
            "translation_key": "6e907cee-728d-4ecc-9d34-df62f96d9da8",
            "locale": 1,
            "title": "Earlier diagnosis",
            "draft_title": "Earlier diagnosis",
            "slug": "earlier-diagnosis",
            "content_type": 17,
            "live": true,
            "has_unpublished_changes": false,
            "url_path": "/home/cancer/earlier-diagnosis/",
            "owner": 1,
            "seo_title": "",
            "show_in_menus": true,
            "search_description": "",
            "go_live_at": null,
            "expire_at": null,
            "expired": false,
            "locked": false,
            "locked_at": null,
            "locked_by": null,
            "first_published_at": "2022-03-22T14:13:01.401Z",
            "last_published_at": "2022-03-23T08:39:25.156Z",
            "latest_revision_created_at": "2022-03-23T08:39:24.910Z",
            "alias_of": null
        }
    },
    {
        "model": "wagtailcore.page",
        "pk": 33,
        "fields": {
            "path": "0001000100020006",
            "depth": 4,
            "numchild": 0,
            "translation_key": "9726bcf3-ec6a-4070-b5aa-7ddd82011bf4",
            "locale": 1,
            "title": "Faster diagnosis",
            "draft_title": "Faster diagnosis",
            "slug": "faster-diagnosis",
            "content_type": 17,
            "live": true,
            "has_unpublished_changes": false,
            "url_path": "/home/cancer/faster-diagnosis/",
            "owner": 1,
            "seo_title": "",
            "show_in_menus": true,
            "search_description": "",
            "go_live_at": null,
            "expire_at": null,
            "expired": false,
            "locked": false,
            "locked_at": null,
            "locked_by": null,
            "first_published_at": "2022-03-22T14:13:35.138Z",
            "last_published_at": "2022-03-23T08:39:12.608Z",
            "latest_revision_created_at": "2022-03-23T08:39:12.299Z",
            "alias_of": null
        }
    },
    {
        "model": "wagtailcore.page",
        "pk": 34,
        "fields": {
            "path": "0001000100020007",
            "depth": 4,
            "numchild": 0,
            "translation_key": "5f4881fe-ea25-463c-a5b4-78418d5a6165",
            "locale": 1,
            "title": "High quality modern services",
            "draft_title": "High quality modern services",
            "slug": "high-quality-modern-services",
            "content_type": 17,
            "live": true,
            "has_unpublished_changes": false,
            "url_path": "/home/cancer/high-quality-modern-services/",
            "owner": 1,
            "seo_title": "",
            "show_in_menus": false,
            "search_description": "",
            "go_live_at": null,
            "expire_at": null,
            "expired": false,
            "locked": false,
            "locked_at": null,
            "locked_by": null,
            "first_published_at": "2022-03-22T14:14:10.243Z",
            "last_published_at": "2022-03-22T14:14:10.243Z",
            "latest_revision_created_at": "2022-03-22T14:14:09.950Z",
            "alias_of": null
        }
    },
    {
        "model": "wagtailmenus.flatmenuitem",
        "pk": 1,
        "fields": {
            "sort_order": 0,
            "link_page": 4,
            "link_url": null,
            "url_append": "",
            "handle": "",
            "link_text": "",
            "allow_subnav": false,
            "menu": 1
        }
    },
    {
        "model": "wagtailmenus.flatmenuitem",
        "pk": 2,
        "fields": {
            "sort_order": 1,
            "link_page": 8,
            "link_url": null,
            "url_append": "",
            "handle": "",
            "link_text": "",
            "allow_subnav": false,
            "menu": 1
        }
    },
    {
        "model": "wagtailmenus.flatmenuitem",
        "pk": 3,
        "fields": {
            "sort_order": 2,
            "link_page": 10,
            "link_url": null,
            "url_append": "",
            "handle": "",
            "link_text": "",
            "allow_subnav": false,
            "menu": 1
        }
    },
    {
        "model": "wagtailmenus.flatmenuitem",
        "pk": 4,
        "fields": {
            "sort_order": 3,
            "link_page": 9,
            "link_url": null,
            "url_append": "",
            "handle": "",
            "link_text": "",
            "allow_subnav": false,
            "menu": 1
        }
    },
    {
        "model": "wagtailmenus.flatmenuitem",
        "pk": 5,
        "fields": {
            "sort_order": 4,
            "link_page": 11,
            "link_url": null,
            "url_append": "",
            "handle": "",
            "link_text": "",
            "allow_subnav": false,
            "menu": 1
        }
    },
    {
        "model": "wagtailmenus.flatmenuitem",
        "pk": 6,
        "fields": {
            "sort_order": 5,
            "link_page": 12,
            "link_url": null,
            "url_append": "",
            "handle": "",
            "link_text": "",
            "allow_subnav": false,
            "menu": 1
        }
    },
    {
        "model": "wagtailmenus.flatmenuitem",
        "pk": 7,
        "fields": {
            "sort_order": 6,
            "link_page": 13,
            "link_url": null,
            "url_append": "",
            "handle": "",
            "link_text": "",
            "allow_subnav": false,
            "menu": 1
        }
    },
    {
        "model": "wagtailmenus.mainmenu",
        "pk": 1,
        "fields": {
            "site": 2,
            "max_levels": 2
        }
    },
    {
        "model": "wagtailmenus.flatmenu",
        "pk": 1,
        "fields": {
            "site": 2,
            "title": "Corporate",
            "handle": "corporate",
            "heading": "",
            "max_levels": 1
        }
    },
    {
        "model": "auth.user",
        "pk": 1,
        "fields": {
            "password": "pbkdf2_sha256$260000$i8xt2fuj72cJxazdbyND88$93UgPqJiyHJfraMwuGUekjuoK8iIHuDHFHfG2KH3Xgo=",
            "last_login": "2022-03-29T12:48:53.528Z",
            "is_superuser": true,
            "username": "admin",
            "first_name": "",
            "last_name": "",
            "email": "israt@dxw.com",
            "is_staff": true,
            "is_active": true,
            "date_joined": "2022-03-15T11:49:39.066Z",
            "groups": [],
            "user_permissions": []
        }
    },
    {
        "model": "contenttypes.contenttype",
        "pk": 1,
        "fields": {
            "app_label": "wagtailcore",
            "model": "page"
        }
    },
    {
        "model": "contenttypes.contenttype",
        "pk": 2,
        "fields": {
            "app_label": "wagtailcore",
            "model": "groupapprovaltask"
        }
    },
    {
        "model": "contenttypes.contenttype",
        "pk": 3,
        "fields": {
            "app_label": "wagtailimages",
            "model": "image"
        }
    },
    {
        "model": "contenttypes.contenttype",
        "pk": 4,
        "fields": {
            "app_label": "home",
            "model": "homepage"
        }
    },
    {
        "model": "contenttypes.contenttype",
        "pk": 5,
        "fields": {
            "app_label": "wagtaildocs",
            "model": "document"
        }
    },
    {
        "model": "contenttypes.contenttype",
        "pk": 6,
        "fields": {
            "app_label": "wagtailadmin",
            "model": "admin"
        }
    },
    {
        "model": "contenttypes.contenttype",
        "pk": 7,
        "fields": {
            "app_label": "categories",
            "model": "category"
        }
    },
    {
        "model": "contenttypes.contenttype",
        "pk": 8,
        "fields": {
            "app_label": "categories",
            "model": "categorypage"
        }
    },
    {
        "model": "contenttypes.contenttype",
        "pk": 9,
        "fields": {
            "app_label": "categories",
            "model": "publicationtype"
        }
    },
    {
        "model": "contenttypes.contenttype",
        "pk": 10,
        "fields": {
            "app_label": "categories",
            "model": "region"
        }
    },
    {
        "model": "contenttypes.contenttype",
        "pk": 11,
        "fields": {
            "app_label": "categories",
            "model": "setting"
        }
    },
    {
        "model": "contenttypes.contenttype",
        "pk": 12,
        "fields": {
            "app_label": "categories",
            "model": "categorypagecategoryrelationship"
        }
    },
    {
        "model": "contenttypes.contenttype",
        "pk": 13,
        "fields": {
            "app_label": "posts",
            "model": "post"
        }
    },
    {
        "model": "contenttypes.contenttype",
        "pk": 14,
        "fields": {
            "app_label": "posts",
            "model": "postindexpage"
        }
    },
    {
        "model": "contenttypes.contenttype",
        "pk": 15,
        "fields": {
            "app_label": "blogs",
            "model": "blog"
        }
    },
    {
        "model": "contenttypes.contenttype",
        "pk": 16,
        "fields": {
            "app_label": "blogs",
            "model": "blogindexpage"
        }
    },
    {
        "model": "contenttypes.contenttype",
        "pk": 17,
        "fields": {
            "app_label": "pages",
            "model": "basepage"
        }
    },
    {
        "model": "contenttypes.contenttype",
        "pk": 18,
        "fields": {
            "app_label": "pages",
            "model": "componentspage"
        }
    },
    {
        "model": "contenttypes.contenttype",
        "pk": 19,
        "fields": {
            "app_label": "pages",
            "model": "holdingpage"
        }
    },
    {
        "model": "contenttypes.contenttype",
        "pk": 20,
        "fields": {
            "app_label": "pages",
            "model": "landingpage"
        }
    },
    {
        "model": "contenttypes.contenttype",
        "pk": 21,
        "fields": {
            "app_label": "publications",
            "model": "publication"
        }
    },
    {
        "model": "contenttypes.contenttype",
        "pk": 22,
        "fields": {
            "app_label": "publications",
            "model": "publicationindexpage"
        }
    },
    {
        "model": "contenttypes.contenttype",
        "pk": 23,
        "fields": {
            "app_label": "publications",
            "model": "publicationpublicationtyperelationship"
        }
    },
    {
        "model": "contenttypes.contenttype",
        "pk": 24,
        "fields": {
            "app_label": "atlascasestudies",
            "model": "atlascasestudy"
        }
    },
    {
        "model": "contenttypes.contenttype",
        "pk": 25,
        "fields": {
            "app_label": "atlascasestudies",
            "model": "atlascasestudyindexpage"
        }
    },
    {
        "model": "contenttypes.contenttype",
        "pk": 26,
        "fields": {
            "app_label": "atlascasestudies",
            "model": "atlascasestudysettingrelationship"
        }
    },
    {
        "model": "contenttypes.contenttype",
        "pk": 27,
        "fields": {
            "app_label": "atlascasestudies",
            "model": "atlascasestudyregionrelationship"
        }
    },
    {
        "model": "contenttypes.contenttype",
        "pk": 28,
        "fields": {
            "app_label": "core",
            "model": "coresettings"
        }
    },
    {
        "model": "contenttypes.contenttype",
        "pk": 29,
        "fields": {
            "app_label": "core",
            "model": "extendedmainmenuitem"
        }
    },
    {
        "model": "contenttypes.contenttype",
        "pk": 30,
        "fields": {
            "app_label": "core",
            "model": "imageimportbridge"
        }
    },
    {
        "model": "contenttypes.contenttype",
        "pk": 31,
        "fields": {
            "app_label": "core",
            "model": "docimportbridge"
        }
    },
    {
        "model": "contenttypes.contenttype",
        "pk": 32,
        "fields": {
            "app_label": "core",
            "model": "upperfooterlinks"
        }
    },
    {
        "model": "contenttypes.contenttype",
        "pk": 33,
        "fields": {
            "app_label": "core",
            "model": "lowerfooterlinks"
        }
    },
    {
        "model": "contenttypes.contenttype",
        "pk": 34,
        "fields": {
            "app_label": "wagtailforms",
            "model": "formsubmission"
        }
    },
    {
        "model": "contenttypes.contenttype",
        "pk": 35,
        "fields": {
            "app_label": "wagtailredirects",
            "model": "redirect"
        }
    },
    {
        "model": "contenttypes.contenttype",
        "pk": 36,
        "fields": {
            "app_label": "wagtailembeds",
            "model": "embed"
        }
    },
    {
        "model": "contenttypes.contenttype",
        "pk": 37,
        "fields": {
            "app_label": "wagtailusers",
            "model": "userprofile"
        }
    },
    {
        "model": "contenttypes.contenttype",
        "pk": 38,
        "fields": {
            "app_label": "wagtaildocs",
            "model": "uploadeddocument"
        }
    },
    {
        "model": "contenttypes.contenttype",
        "pk": 39,
        "fields": {
            "app_label": "wagtailimages",
            "model": "rendition"
        }
    },
    {
        "model": "contenttypes.contenttype",
        "pk": 40,
        "fields": {
            "app_label": "wagtailimages",
            "model": "uploadedimage"
        }
    },
    {
        "model": "contenttypes.contenttype",
        "pk": 41,
        "fields": {
            "app_label": "wagtailsearch",
            "model": "query"
        }
    },
    {
        "model": "contenttypes.contenttype",
        "pk": 42,
        "fields": {
            "app_label": "wagtailsearch",
            "model": "querydailyhits"
        }
    },
    {
        "model": "contenttypes.contenttype",
        "pk": 43,
        "fields": {
            "app_label": "wagtailsearch",
            "model": "indexentry"
        }
    },
    {
        "model": "contenttypes.contenttype",
        "pk": 44,
        "fields": {
            "app_label": "wagtailsearch",
            "model": "sqliteftsindexentry"
        }
    },
    {
        "model": "contenttypes.contenttype",
        "pk": 45,
        "fields": {
            "app_label": "wagtailcore",
            "model": "grouppagepermission"
        }
    },
    {
        "model": "contenttypes.contenttype",
        "pk": 46,
        "fields": {
            "app_label": "wagtailcore",
            "model": "pagerevision"
        }
    },
    {
        "model": "contenttypes.contenttype",
        "pk": 47,
        "fields": {
            "app_label": "wagtailcore",
            "model": "pageviewrestriction"
        }
    },
    {
        "model": "contenttypes.contenttype",
        "pk": 48,
        "fields": {
            "app_label": "wagtailcore",
            "model": "site"
        }
    },
    {
        "model": "contenttypes.contenttype",
        "pk": 49,
        "fields": {
            "app_label": "wagtailcore",
            "model": "collection"
        }
    },
    {
        "model": "contenttypes.contenttype",
        "pk": 50,
        "fields": {
            "app_label": "wagtailcore",
            "model": "groupcollectionpermission"
        }
    },
    {
        "model": "contenttypes.contenttype",
        "pk": 51,
        "fields": {
            "app_label": "wagtailcore",
            "model": "collectionviewrestriction"
        }
    },
    {
        "model": "contenttypes.contenttype",
        "pk": 52,
        "fields": {
            "app_label": "wagtailcore",
            "model": "task"
        }
    },
    {
        "model": "contenttypes.contenttype",
        "pk": 53,
        "fields": {
            "app_label": "wagtailcore",
            "model": "taskstate"
        }
    },
    {
        "model": "contenttypes.contenttype",
        "pk": 54,
        "fields": {
            "app_label": "wagtailcore",
            "model": "workflow"
        }
    },
    {
        "model": "contenttypes.contenttype",
        "pk": 55,
        "fields": {
            "app_label": "wagtailcore",
            "model": "workflowstate"
        }
    },
    {
        "model": "contenttypes.contenttype",
        "pk": 56,
        "fields": {
            "app_label": "wagtailcore",
            "model": "workflowpage"
        }
    },
    {
        "model": "contenttypes.contenttype",
        "pk": 57,
        "fields": {
            "app_label": "wagtailcore",
            "model": "workflowtask"
        }
    },
    {
        "model": "contenttypes.contenttype",
        "pk": 58,
        "fields": {
            "app_label": "wagtailcore",
            "model": "pagelogentry"
        }
    },
    {
        "model": "contenttypes.contenttype",
        "pk": 59,
        "fields": {
            "app_label": "wagtailcore",
            "model": "locale"
        }
    },
    {
        "model": "contenttypes.contenttype",
        "pk": 60,
        "fields": {
            "app_label": "wagtailcore",
            "model": "comment"
        }
    },
    {
        "model": "contenttypes.contenttype",
        "pk": 61,
        "fields": {
            "app_label": "wagtailcore",
            "model": "commentreply"
        }
    },
    {
        "model": "contenttypes.contenttype",
        "pk": 62,
        "fields": {
            "app_label": "wagtailcore",
            "model": "pagesubscription"
        }
    },
    {
        "model": "contenttypes.contenttype",
        "pk": 63,
        "fields": {
            "app_label": "wagtailcore",
            "model": "modellogentry"
        }
    },
    {
        "model": "contenttypes.contenttype",
        "pk": 64,
        "fields": {
            "app_label": "wagtailmenus",
            "model": "flatmenu"
        }
    },
    {
        "model": "contenttypes.contenttype",
        "pk": 65,
        "fields": {
            "app_label": "wagtailmenus",
            "model": "flatmenuitem"
        }
    },
    {
        "model": "contenttypes.contenttype",
        "pk": 66,
        "fields": {
            "app_label": "wagtailmenus",
            "model": "mainmenu"
        }
    },
    {
        "model": "contenttypes.contenttype",
        "pk": 67,
        "fields": {
            "app_label": "wagtailmenus",
            "model": "mainmenuitem"
        }
    },
    {
        "model": "contenttypes.contenttype",
        "pk": 68,
        "fields": {
            "app_label": "taggit",
            "model": "tag"
        }
    },
    {
        "model": "contenttypes.contenttype",
        "pk": 69,
        "fields": {
            "app_label": "taggit",
            "model": "taggeditem"
        }
    },
    {
        "model": "contenttypes.contenttype",
        "pk": 70,
        "fields": {
            "app_label": "admin",
            "model": "logentry"
        }
    },
    {
        "model": "contenttypes.contenttype",
        "pk": 71,
        "fields": {
            "app_label": "auth",
            "model": "permission"
        }
    },
    {
        "model": "contenttypes.contenttype",
        "pk": 72,
        "fields": {
            "app_label": "auth",
            "model": "group"
        }
    },
    {
        "model": "contenttypes.contenttype",
        "pk": 73,
        "fields": {
            "app_label": "auth",
            "model": "user"
        }
    },
    {
        "model": "contenttypes.contenttype",
        "pk": 74,
        "fields": {
            "app_label": "contenttypes",
            "model": "contenttype"
        }
    },
    {
        "model": "contenttypes.contenttype",
        "pk": 75,
        "fields": {
            "app_label": "sessions",
            "model": "session"
        }
    },
    {
        "model": "contenttypes.contenttype",
        "pk": 76,
        "fields": {
            "app_label": "wagtailsearchpromotions",
            "model": "searchpromotion"
        }
    },
    {
        "model": "contenttypes.contenttype",
        "pk": 77,
        "fields": {
            "app_label": "wagtailnhsukfrontendsettings",
            "model": "headersettings"
        }
    },
    {
        "model": "contenttypes.contenttype",
        "pk": 78,
        "fields": {
            "app_label": "wagtailnhsukfrontendsettings",
            "model": "navigationlink"
        }
    },
    {
        "model": "contenttypes.contenttype",
        "pk": 79,
        "fields": {
            "app_label": "wagtailnhsukfrontendsettings",
            "model": "footerlinks"
        }
    },
    {
        "model": "contenttypes.contenttype",
        "pk": 80,
        "fields": {
            "app_label": "wagtailnhsukfrontendsettings",
            "model": "footersettings"
        }
    }
]
