[
{
  "model": "home.homepage",
  "pk": 3,
  "fields": {
    "hero_text": "",
    "hero_heading": "",
    "hero_image": null,
    "body": "[]"
  }
},
{
  "model": "categories.categorypage",
  "pk": 5,
  "fields": {}
},
{
  "model": "categories.categorypage",
  "pk": 6,
  "fields": {}
},
{
  "model": "categories.categorypage",
  "pk": 7,
  "fields": {}
},
{
  "model": "categories.categorypage",
  "pk": 8,
  "fields": {}
},
{
  "model": "categories.categorypage",
  "pk": 9,
  "fields": {}
},
{
  "model": "categories.categorypage",
  "pk": 10,
  "fields": {}
},
{
  "model": "categories.publicationtype",
  "pk": 1,
  "fields": {
    "name": "Panther",
    "slug": "panther",
    "description": "",
    "wp_id": null
  }
},
{
  "model": "categories.publicationtype",
  "pk": 2,
  "fields": {
    "name": "Ocelot",
    "slug": "ocelot",
    "description": "",
    "wp_id": null
  }
},
{
  "model": "publications.publicationindexpage",
  "pk": 4,
  "fields": {
    "body": ""
  }
},
{
  "model": "publications.publicationpublicationtyperelationship",
  "pk": 1,
  "fields": {
    "publication": 5,
    "publication_type": 1
  }
},
{
  "model": "publications.publicationpublicationtyperelationship",
  "pk": 2,
  "fields": {
    "publication": 6,
    "publication_type": 2
  }
},
{
  "model": "publications.publicationpublicationtyperelationship",
  "pk": 3,
  "fields": {
    "publication": 7,
    "publication_type": 2
  }
},
{
  "model": "publications.publicationpublicationtyperelationship",
  "pk": 4,
  "fields": {
    "publication": 8,
    "publication_type": 1
  }
},
{
  "model": "publications.publicationpublicationtyperelationship",
  "pk": 5,
  "fields": {
    "publication": 9,
    "publication_type": 2
  }
},
{
  "model": "publications.publicationpublicationtyperelationship",
  "pk": 6,
  "fields": {
    "publication": 9,
    "publication_type": 1
  }
},
{
  "model": "publications.publication",
  "pk": 5,
  "fields": {
    "body": "",
    "documents": "[]",
    "wp_id": null,
    "source": null,
    "wp_slug": "",
    "wp_link": "",
    "component_fields": "",
    "author": ""
  }
},
{
  "model": "publications.publication",
  "pk": 6,
  "fields": {
    "body": "",
    "documents": "[]",
    "wp_id": null,
    "source": null,
    "wp_slug": "",
    "wp_link": "",
    "component_fields": "",
    "author": ""
  }
},
{
  "model": "publications.publication",
  "pk": 7,
  "fields": {
    "body": "",
    "documents": "[]",
    "wp_id": null,
    "source": null,
    "wp_slug": "",
    "wp_link": "",
    "component_fields": "",
    "author": ""
  }
},
{
  "model": "publications.publication",
  "pk": 8,
  "fields": {
    "body": "",
    "documents": "[]",
    "wp_id": null,
    "source": null,
    "wp_slug": "",
    "wp_link": "",
    "component_fields": "",
    "author": ""
  }
},
{
  "model": "publications.publication",
  "pk": 9,
  "fields": {
    "body": "",
    "documents": "[]",
    "wp_id": null,
    "source": null,
    "wp_slug": "",
    "wp_link": "",
    "component_fields": "",
    "author": ""
  }
},
{
  "model": "publications.publication",
  "pk": 10,
  "fields": {
    "body": "",
    "documents": "[]",
    "wp_id": null,
    "source": null,
    "wp_slug": "",
    "wp_link": "",
    "component_fields": "",
    "author": ""
  }
},
{
  "model": "core.coresettings",
  "pk": 1,
  "fields": {
    "site": 2,
    "alert_banner": "",
    "is_visible": false,
    "header_extra": null,
    "footer_extra": null
  }
},
{
  "model": "wagtailusers.userprofile",
  "pk": 1,
  "fields": {
    "user": 1,
    "submitted_notifications": true,
    "approved_notifications": true,
    "rejected_notifications": true,
    "updated_comments_notifications": true,
    "preferred_language": "",
    "current_time_zone": "",
    "avatar": ""
  }
},
{
  "model": "wagtailsearch.query",
  "pk": 1,
  "fields": {
    "query_string": "ocelot"
  }
},
{
  "model": "wagtailsearch.query",
  "pk": 2,
  "fields": {
    "query_string": "e"
  }
},
{
  "model": "wagtailsearch.querydailyhits",
  "pk": 1,
  "fields": {
    "query": 1,
    "date": "2022-05-05",
    "hits": 1
  }
},
{
  "model": "wagtailsearch.querydailyhits",
  "pk": 2,
  "fields": {
    "query": 2,
    "date": "2022-05-05",
    "hits": 4
  }
},
{
  "model": "wagtailcore.locale",
  "pk": 1,
  "fields": {
    "language_code": "en"
  }
},
{
  "model": "wagtailcore.site",
  "pk": 2,
  "fields": {
    "hostname": "localhost",
    "port": 80,
    "site_name": "",
    "root_page": 3,
    "is_default_site": true
  }
},
{
  "model": "wagtailcore.modellogentry",
  "pk": 1,
  "fields": {
    "content_type": 9,
    "label": "Panther",
    "action": "wagtail.create",
    "data_json": "\"\"",
    "timestamp": "2022-05-05T10:55:50.255Z",
    "uuid": "f8c33bf6-4903-4794-bee6-198db25a7bb1",
    "user": 1,
    "content_changed": false,
    "deleted": false,
    "object_id": "1"
  }
},
{
  "model": "wagtailcore.modellogentry",
  "pk": 2,
  "fields": {
    "content_type": 9,
    "label": "Ocelot",
    "action": "wagtail.create",
    "data_json": "\"\"",
    "timestamp": "2022-05-05T10:55:57.890Z",
    "uuid": "634b553b-a7d6-437b-acd4-dff1634f33ac",
    "user": 1,
    "content_changed": false,
    "deleted": false,
    "object_id": "2"
  }
},
{
  "model": "wagtailcore.collection",
  "pk": 1,
  "fields": {
    "path": "0001",
    "depth": 1,
    "numchild": 0,
    "name": "Root"
  }
},
{
  "model": "wagtailcore.groupcollectionpermission",
  "pk": 1,
  "fields": {
    "group": 2,
    "collection": 1,
    "permission": 1
  }
},
{
  "model": "wagtailcore.groupcollectionpermission",
  "pk": 2,
  "fields": {
    "group": 1,
    "collection": 1,
    "permission": 1
  }
},
{
  "model": "wagtailcore.groupcollectionpermission",
  "pk": 3,
  "fields": {
    "group": 2,
    "collection": 1,
    "permission": 2
  }
},
{
  "model": "wagtailcore.groupcollectionpermission",
  "pk": 4,
  "fields": {
    "group": 1,
    "collection": 1,
    "permission": 2
  }
},
{
  "model": "wagtailcore.groupcollectionpermission",
  "pk": 5,
  "fields": {
    "group": 2,
    "collection": 1,
    "permission": 5
  }
},
{
  "model": "wagtailcore.groupcollectionpermission",
  "pk": 6,
  "fields": {
    "group": 1,
    "collection": 1,
    "permission": 5
  }
},
{
  "model": "wagtailcore.groupcollectionpermission",
  "pk": 7,
  "fields": {
    "group": 2,
    "collection": 1,
    "permission": 6
  }
},
{
  "model": "wagtailcore.groupcollectionpermission",
  "pk": 8,
  "fields": {
    "group": 1,
    "collection": 1,
    "permission": 6
  }
},
{
  "model": "wagtailcore.page",
  "pk": 1,
  "fields": {
    "path": "0001",
    "depth": 1,
    "numchild": 1,
    "translation_key": "b03c2d36-329d-4725-a590-bc13e8267092",
    "locale": 1,
    "title": "Root",
    "draft_title": "Root",
    "slug": "root",
    "content_type": 1,
    "live": true,
    "has_unpublished_changes": false,
    "url_path": "/",
    "owner": null,
    "seo_title": "",
    "show_in_menus": false,
    "search_description": "",
    "go_live_at": null,
    "expire_at": null,
    "expired": false,
    "locked": false,
    "locked_at": null,
    "locked_by": null,
    "first_published_at": null,
    "last_published_at": null,
    "latest_revision_created_at": null,
    "live_revision": null,
    "alias_of": null
  }
},
{
  "model": "wagtailcore.page",
  "pk": 3,
  "fields": {
    "path": "00010001",
    "depth": 2,
    "numchild": 1,
    "translation_key": "be164cca-4751-4202-a127-ddabc6c6e752",
    "locale": 1,
    "title": "Home",
    "draft_title": "Home",
    "slug": "home",
    "content_type": 4,
    "live": true,
    "has_unpublished_changes": false,
    "url_path": "/home/",
    "owner": null,
    "seo_title": "",
    "show_in_menus": false,
    "search_description": "",
    "go_live_at": null,
    "expire_at": null,
    "expired": false,
    "locked": false,
    "locked_at": null,
    "locked_by": null,
    "first_published_at": null,
    "last_published_at": null,
    "latest_revision_created_at": null,
    "live_revision": null,
    "alias_of": null
  }
},
{
  "model": "wagtailcore.page",
  "pk": 4,
  "fields": {
    "path": "000100010001",
    "depth": 3,
    "numchild": 6,
    "translation_key": "36244bec-e274-4a0a-a831-12566162935e",
    "locale": 1,
    "title": "Publication Index Page",
    "draft_title": "Publication Index Page",
    "slug": "publication-index-page",
    "content_type": 22,
    "live": true,
    "has_unpublished_changes": false,
    "url_path": "/home/publication-index-page/",
    "owner": 1,
    "seo_title": "",
    "show_in_menus": false,
    "search_description": "",
    "go_live_at": null,
    "expire_at": null,
    "expired": false,
    "locked": false,
    "locked_at": null,
    "locked_by": null,
    "first_published_at": "2022-05-05T10:55:31.356Z",
    "last_published_at": "2022-05-05T10:55:31.356Z",
    "latest_revision_created_at": "2022-05-05T10:55:31.230Z",
    "live_revision": 1,
    "alias_of": null
  }
},
{
  "model": "wagtailcore.page",
  "pk": 5,
  "fields": {
    "path": "0001000100010001",
    "depth": 4,
    "numchild": 0,
    "translation_key": "4a393755-38f6-42a5-94ec-19e67c0ed75d",
    "locale": 1,
    "title": "Panther Kitten",
    "draft_title": "Panther Kitten",
    "slug": "panther-kitten",
    "content_type": 21,
    "live": true,
    "has_unpublished_changes": false,
    "url_path": "/home/publication-index-page/panther-kitten/",
    "owner": 1,
    "seo_title": "",
    "show_in_menus": false,
    "search_description": "",
    "go_live_at": null,
    "expire_at": null,
    "expired": false,
    "locked": false,
    "locked_at": null,
    "locked_by": null,
    "first_published_at": "2022-05-05T10:56:41.505Z",
    "last_published_at": "2022-05-05T10:56:41.505Z",
    "latest_revision_created_at": "2022-05-05T10:56:41.374Z",
    "live_revision": 2,
    "alias_of": null
  }
},
{
  "model": "wagtailcore.page",
  "pk": 6,
  "fields": {
    "path": "0001000100010002",
    "depth": 4,
    "numchild": 0,
    "translation_key": "4e1a4740-98d8-49e5-81e6-fb324cf64b3c",
    "locale": 1,
    "title": "Ocelot Kitten",
    "draft_title": "Ocelot Kitten",
    "slug": "ocelot-kitten",
    "content_type": 21,
    "live": true,
    "has_unpublished_changes": false,
    "url_path": "/home/publication-index-page/ocelot-kitten/",
    "owner": 1,
    "seo_title": "",
    "show_in_menus": false,
    "search_description": "",
    "go_live_at": null,
    "expire_at": null,
    "expired": false,
    "locked": false,
    "locked_at": null,
    "locked_by": null,
    "first_published_at": "2022-05-05T10:56:54.437Z",
    "last_published_at": "2022-05-05T10:56:54.437Z",
    "latest_revision_created_at": "2022-05-05T10:56:54.307Z",
    "live_revision": 3,
    "alias_of": null
  }
},
{
  "model": "wagtailcore.page",
  "pk": 7,
  "fields": {
    "path": "0001000100010003",
    "depth": 4,
    "numchild": 0,
    "translation_key": "38b302a4-1ec7-4d4b-880b-59dd281269f7",
    "locale": 1,
    "title": "Old Ocelot",
    "draft_title": "Old Ocelot",
    "slug": "old-ocelot",
    "content_type": 21,
    "live": true,
    "has_unpublished_changes": false,
    "url_path": "/home/publication-index-page/old-ocelot/",
    "owner": 1,
    "seo_title": "",
    "show_in_menus": false,
    "search_description": "",
    "go_live_at": null,
    "expire_at": null,
    "expired": false,
    "locked": false,
    "locked_at": null,
    "locked_by": null,
    "first_published_at": "1970-01-01T00:00:00Z",
    "last_published_at": "2022-05-05T10:57:10.997Z",
    "latest_revision_created_at": "2022-05-05T10:57:10.814Z",
    "live_revision": 5,
    "alias_of": null
  }
},
{
  "model": "wagtailcore.page",
  "pk": 8,
  "fields": {
    "path": "0001000100010004",
    "depth": 4,
    "numchild": 0,
    "translation_key": "06bdb3a3-c31e-4cb0-aedd-34fb26dc31c5",
    "locale": 1,
    "title": "Old Panther",
    "draft_title": "Old Panther",
    "slug": "old-panther",
    "content_type": 21,
    "live": true,
    "has_unpublished_changes": false,
    "url_path": "/home/publication-index-page/old-panther/",
    "owner": 1,
    "seo_title": "",
    "show_in_menus": false,
    "search_description": "",
    "go_live_at": null,
    "expire_at": null,
    "expired": false,
    "locked": false,
    "locked_at": null,
    "locked_by": null,
    "first_published_at": "1970-01-01T00:00:00Z",
    "last_published_at": "2022-05-05T10:57:24.901Z",
    "latest_revision_created_at": "2022-05-05T10:57:24.750Z",
    "live_revision": 6,
    "alias_of": null
  }
},
{
  "model": "wagtailcore.page",
  "pk": 9,
  "fields": {
    "path": "0001000100010005",
    "depth": 4,
    "numchild": 0,
    "translation_key": "00a06bfd-d9ef-4be4-b83b-23df554df88f",
    "locale": 1,
    "title": "Panthelot",
    "draft_title": "Panthelot",
    "slug": "panthalot",
    "content_type": 21,
    "live": true,
    "has_unpublished_changes": false,
    "url_path": "/home/publication-index-page/panthalot/",
    "owner": 1,
    "seo_title": "",
    "show_in_menus": false,
    "search_description": "",
    "go_live_at": null,
    "expire_at": null,
    "expired": false,
    "locked": false,
    "locked_at": null,
    "locked_by": null,
    "first_published_at": "2022-05-05T10:57:45.939Z",
    "last_published_at": "2022-05-05T11:45:12.375Z",
    "latest_revision_created_at": "2022-05-05T11:45:12.143Z",
    "live_revision": 11,
    "alias_of": null
  }
},
{
  "model": "wagtailcore.page",
  "pk": 10,
  "fields": {
    "path": "0001000100010006",
    "depth": 4,
    "numchild": 0,
    "translation_key": "64691e55-68ad-47d4-bd9b-a705437723c7",
    "locale": 1,
    "title": "Puppies",
    "draft_title": "Puppies",
    "slug": "puppy",
    "content_type": 21,
    "live": true,
    "has_unpublished_changes": false,
    "url_path": "/home/publication-index-page/puppy/",
    "owner": 1,
    "seo_title": "",
    "show_in_menus": false,
    "search_description": "",
    "go_live_at": null,
    "expire_at": null,
    "expired": false,
    "locked": false,
    "locked_at": null,
    "locked_by": null,
    "first_published_at": "2022-05-05T11:34:37.091Z",
    "last_published_at": "2022-05-05T11:39:40.485Z",
    "latest_revision_created_at": "2022-05-05T11:39:40.276Z",
    "live_revision": 10,
    "alias_of": null
  }
},
{
  "model": "wagtailcore.pagerevision",
  "pk": 1,
  "fields": {
    "page": 4,
    "submitted_for_moderation": false,
    "created_at": "2022-05-05T10:55:31.230Z",
    "user": 1,
    "content_json": "{\"pk\": 4, \"path\": \"000100010001\", \"depth\": 3, \"numchild\": 0, \"translation_key\": \"36244bec-e274-4a0a-a831-12566162935e\", \"locale\": 1, \"title\": \"Publication Index Page\", \"draft_title\": \"Publication Index Page\", \"slug\": \"publication-index-page\", \"content_type\": 22, \"live\": true, \"has_unpublished_changes\": false, \"url_path\": \"/home/publication-index-page/\", \"owner\": 1, \"seo_title\": \"\", \"show_in_menus\": false, \"search_description\": \"\", \"go_live_at\": null, \"expire_at\": null, \"expired\": false, \"locked\": false, \"locked_at\": null, \"locked_by\": null, \"first_published_at\": null, \"last_published_at\": null, \"latest_revision_created_at\": null, \"live_revision\": null, \"alias_of\": null, \"body\": \"\", \"wagtail_admin_comments\": []}",
    "approved_go_live_at": null
  }
},
{
  "model": "wagtailcore.pagerevision",
  "pk": 2,
  "fields": {
    "page": 5,
    "submitted_for_moderation": false,
    "created_at": "2022-05-05T10:56:41.374Z",
    "user": 1,
    "content_json": "{\"pk\": 5, \"path\": \"0001000100010001\", \"depth\": 4, \"numchild\": 0, \"translation_key\": \"4a393755-38f6-42a5-94ec-19e67c0ed75d\", \"locale\": 1, \"title\": \"Panther Kitten\", \"draft_title\": \"Panther Kitten\", \"slug\": \"panther-kitten\", \"content_type\": 21, \"live\": true, \"has_unpublished_changes\": false, \"url_path\": \"/home/publication-index-page/panther-kitten/\", \"owner\": 1, \"seo_title\": \"\", \"show_in_menus\": false, \"search_description\": \"\", \"go_live_at\": null, \"expire_at\": null, \"expired\": false, \"locked\": false, \"locked_at\": null, \"locked_by\": null, \"first_published_at\": null, \"last_published_at\": null, \"latest_revision_created_at\": null, \"live_revision\": null, \"alias_of\": null, \"body\": \"\", \"documents\": \"[]\", \"wp_id\": null, \"source\": null, \"wp_slug\": \"\", \"wp_link\": \"\", \"component_fields\": \"\", \"author\": \"\", \"wagtail_admin_comments\": [], \"categorypage_category_relationship\": [], \"publication_publication_type_relationship\": [{\"pk\": 1, \"publication\": 5, \"publication_type\": 1}]}",
    "approved_go_live_at": null
  }
},
{
  "model": "wagtailcore.pagerevision",
  "pk": 3,
  "fields": {
    "page": 6,
    "submitted_for_moderation": false,
    "created_at": "2022-05-05T10:56:54.307Z",
    "user": 1,
    "content_json": "{\"pk\": 6, \"path\": \"0001000100010002\", \"depth\": 4, \"numchild\": 0, \"translation_key\": \"4e1a4740-98d8-49e5-81e6-fb324cf64b3c\", \"locale\": 1, \"title\": \"Ocelot Kitten\", \"draft_title\": \"Ocelot Kitten\", \"slug\": \"ocelot-kitten\", \"content_type\": 21, \"live\": true, \"has_unpublished_changes\": false, \"url_path\": \"/home/publication-index-page/ocelot-kitten/\", \"owner\": 1, \"seo_title\": \"\", \"show_in_menus\": false, \"search_description\": \"\", \"go_live_at\": null, \"expire_at\": null, \"expired\": false, \"locked\": false, \"locked_at\": null, \"locked_by\": null, \"first_published_at\": null, \"last_published_at\": null, \"latest_revision_created_at\": null, \"live_revision\": null, \"alias_of\": null, \"body\": \"\", \"documents\": \"[]\", \"wp_id\": null, \"source\": null, \"wp_slug\": \"\", \"wp_link\": \"\", \"component_fields\": \"\", \"author\": \"\", \"wagtail_admin_comments\": [], \"categorypage_category_relationship\": [], \"publication_publication_type_relationship\": [{\"pk\": 2, \"publication\": 6, \"publication_type\": 2}]}",
    "approved_go_live_at": null
  }
},
{
  "model": "wagtailcore.pagerevision",
  "pk": 4,
  "fields": {
    "page": 7,
    "submitted_for_moderation": false,
    "created_at": "2022-05-05T10:57:06.239Z",
    "user": 1,
    "content_json": "{\"pk\": 7, \"path\": \"0001000100010003\", \"depth\": 4, \"numchild\": 0, \"translation_key\": \"38b302a4-1ec7-4d4b-880b-59dd281269f7\", \"locale\": 1, \"title\": \"Old Ocelot\", \"draft_title\": \"Old Ocelot\", \"slug\": \"old-ocelot\", \"content_type\": 21, \"live\": false, \"has_unpublished_changes\": false, \"url_path\": \"/home/publication-index-page/old-ocelot/\", \"owner\": 1, \"seo_title\": \"\", \"show_in_menus\": false, \"search_description\": \"\", \"go_live_at\": null, \"expire_at\": null, \"expired\": false, \"locked\": false, \"locked_at\": null, \"locked_by\": null, \"first_published_at\": null, \"last_published_at\": null, \"latest_revision_created_at\": null, \"live_revision\": null, \"alias_of\": null, \"body\": \"\", \"documents\": \"[]\", \"wp_id\": null, \"source\": null, \"wp_slug\": \"\", \"wp_link\": \"\", \"component_fields\": \"\", \"author\": \"\", \"wagtail_admin_comments\": [], \"categorypage_category_relationship\": [], \"publication_publication_type_relationship\": [{\"pk\": 3, \"publication\": 7, \"publication_type\": 2}]}",
    "approved_go_live_at": null
  }
},
{
  "model": "wagtailcore.pagerevision",
  "pk": 5,
  "fields": {
    "page": 7,
    "submitted_for_moderation": false,
    "created_at": "2022-05-05T10:57:10.814Z",
    "user": 1,
    "content_json": "{\"pk\": 7, \"path\": \"0001000100010003\", \"depth\": 4, \"numchild\": 0, \"translation_key\": \"38b302a4-1ec7-4d4b-880b-59dd281269f7\", \"locale\": 1, \"title\": \"Old Ocelot\", \"draft_title\": \"Old Ocelot\", \"slug\": \"old-ocelot\", \"content_type\": 21, \"live\": false, \"has_unpublished_changes\": true, \"url_path\": \"/home/publication-index-page/old-ocelot/\", \"owner\": 1, \"seo_title\": \"\", \"show_in_menus\": false, \"search_description\": \"\", \"go_live_at\": null, \"expire_at\": null, \"expired\": false, \"locked\": false, \"locked_at\": null, \"locked_by\": null, \"first_published_at\": null, \"last_published_at\": null, \"latest_revision_created_at\": \"2022-05-05T10:57:06.239Z\", \"live_revision\": null, \"alias_of\": null, \"body\": \"\", \"documents\": \"[]\", \"wp_id\": null, \"source\": null, \"wp_slug\": \"\", \"wp_link\": \"\", \"component_fields\": \"\", \"author\": \"\", \"wagtail_admin_comments\": [], \"categorypage_category_relationship\": [], \"publication_publication_type_relationship\": [{\"pk\": 3, \"publication\": 7, \"publication_type\": 2}]}",
    "approved_go_live_at": null
  }
},
{
  "model": "wagtailcore.pagerevision",
  "pk": 6,
  "fields": {
    "page": 8,
    "submitted_for_moderation": false,
    "created_at": "2022-05-05T10:57:24.750Z",
    "user": 1,
    "content_json": "{\"pk\": 8, \"path\": \"0001000100010004\", \"depth\": 4, \"numchild\": 0, \"translation_key\": \"06bdb3a3-c31e-4cb0-aedd-34fb26dc31c5\", \"locale\": 1, \"title\": \"Old Panther\", \"draft_title\": \"Old Panther\", \"slug\": \"old-panther\", \"content_type\": 21, \"live\": true, \"has_unpublished_changes\": false, \"url_path\": \"/home/publication-index-page/old-panther/\", \"owner\": 1, \"seo_title\": \"\", \"show_in_menus\": false, \"search_description\": \"\", \"go_live_at\": null, \"expire_at\": null, \"expired\": false, \"locked\": false, \"locked_at\": null, \"locked_by\": null, \"first_published_at\": null, \"last_published_at\": null, \"latest_revision_created_at\": null, \"live_revision\": null, \"alias_of\": null, \"body\": \"\", \"documents\": \"[]\", \"wp_id\": null, \"source\": null, \"wp_slug\": \"\", \"wp_link\": \"\", \"component_fields\": \"\", \"author\": \"\", \"wagtail_admin_comments\": [], \"categorypage_category_relationship\": [], \"publication_publication_type_relationship\": [{\"pk\": 4, \"publication\": 8, \"publication_type\": 1}]}",
    "approved_go_live_at": null
  }
},
{
  "model": "wagtailcore.pagerevision",
  "pk": 7,
  "fields": {
    "page": 9,
    "submitted_for_moderation": false,
    "created_at": "2022-05-05T10:57:45.808Z",
    "user": 1,
    "content_json": "{\"pk\": 9, \"path\": \"0001000100010005\", \"depth\": 4, \"numchild\": 0, \"translation_key\": \"00a06bfd-d9ef-4be4-b83b-23df554df88f\", \"locale\": 1, \"title\": \"Panthalot\", \"draft_title\": \"Panthalot\", \"slug\": \"panthalot\", \"content_type\": 21, \"live\": true, \"has_unpublished_changes\": false, \"url_path\": \"/home/publication-index-page/panthalot/\", \"owner\": 1, \"seo_title\": \"\", \"show_in_menus\": false, \"search_description\": \"\", \"go_live_at\": null, \"expire_at\": null, \"expired\": false, \"locked\": false, \"locked_at\": null, \"locked_by\": null, \"first_published_at\": null, \"last_published_at\": null, \"latest_revision_created_at\": null, \"live_revision\": null, \"alias_of\": null, \"body\": \"\", \"documents\": \"[]\", \"wp_id\": null, \"source\": null, \"wp_slug\": \"\", \"wp_link\": \"\", \"component_fields\": \"\", \"author\": \"\", \"wagtail_admin_comments\": [], \"categorypage_category_relationship\": [], \"publication_publication_type_relationship\": [{\"pk\": 5, \"publication\": 9, \"publication_type\": 2}, {\"pk\": 6, \"publication\": 9, \"publication_type\": 1}]}",
    "approved_go_live_at": null
  }
},
{
  "model": "wagtailcore.pagerevision",
  "pk": 8,
  "fields": {
    "page": 10,
    "submitted_for_moderation": false,
    "created_at": "2022-05-05T11:34:36.968Z",
    "user": 1,
    "content_json": "{\"pk\": 10, \"path\": \"0001000100010006\", \"depth\": 4, \"numchild\": 0, \"translation_key\": \"64691e55-68ad-47d4-bd9b-a705437723c7\", \"locale\": 1, \"title\": \"Puppy\", \"draft_title\": \"Puppy\", \"slug\": \"puppy\", \"content_type\": 21, \"live\": true, \"has_unpublished_changes\": false, \"url_path\": \"/home/publication-index-page/puppy/\", \"owner\": 1, \"seo_title\": \"\", \"show_in_menus\": false, \"search_description\": \"\", \"go_live_at\": null, \"expire_at\": null, \"expired\": false, \"locked\": false, \"locked_at\": null, \"locked_by\": null, \"first_published_at\": null, \"last_published_at\": null, \"latest_revision_created_at\": null, \"live_revision\": null, \"alias_of\": null, \"body\": \"\", \"documents\": \"[]\", \"wp_id\": null, \"source\": null, \"wp_slug\": \"\", \"wp_link\": \"\", \"component_fields\": \"\", \"author\": \"\", \"wagtail_admin_comments\": [], \"categorypage_category_relationship\": [], \"publication_publication_type_relationship\": []}",
    "approved_go_live_at": null
  }
},
{
  "model": "wagtailcore.pagerevision",
  "pk": 9,
  "fields": {
    "page": 10,
    "submitted_for_moderation": false,
    "created_at": "2022-05-05T11:36:32.152Z",
    "user": 1,
    "content_json": "{\"pk\": 10, \"path\": \"0001000100010006\", \"depth\": 4, \"numchild\": 0, \"translation_key\": \"64691e55-68ad-47d4-bd9b-a705437723c7\", \"locale\": 1, \"title\": \"Puppy\", \"draft_title\": \"Puppy\", \"slug\": \"puppy\", \"content_type\": 21, \"live\": true, \"has_unpublished_changes\": false, \"url_path\": \"/home/publication-index-page/puppy/\", \"owner\": 1, \"seo_title\": \"\", \"show_in_menus\": false, \"search_description\": \"\", \"go_live_at\": null, \"expire_at\": null, \"expired\": false, \"locked\": false, \"locked_at\": null, \"locked_by\": null, \"first_published_at\": \"2022-05-05T11:34:37.091Z\", \"last_published_at\": \"2022-05-05T11:34:37.091Z\", \"latest_revision_created_at\": \"2022-05-05T11:34:36.968Z\", \"live_revision\": 8, \"alias_of\": null, \"body\": \"\", \"documents\": \"[]\", \"wp_id\": null, \"source\": null, \"wp_slug\": \"\", \"wp_link\": \"\", \"component_fields\": \"\", \"author\": \"\", \"wagtail_admin_comments\": [], \"categorypage_category_relationship\": [], \"publication_publication_type_relationship\": []}",
    "approved_go_live_at": null
  }
},
{
  "model": "wagtailcore.pagerevision",
  "pk": 10,
  "fields": {
    "page": 10,
    "submitted_for_moderation": false,
    "created_at": "2022-05-05T11:39:40.276Z",
    "user": 1,
    "content_json": "{\"pk\": 10, \"path\": \"0001000100010006\", \"depth\": 4, \"numchild\": 0, \"translation_key\": \"64691e55-68ad-47d4-bd9b-a705437723c7\", \"locale\": 1, \"title\": \"Puppies\", \"draft_title\": \"Puppy\", \"slug\": \"puppy\", \"content_type\": 21, \"live\": true, \"has_unpublished_changes\": false, \"url_path\": \"/home/publication-index-page/puppy/\", \"owner\": 1, \"seo_title\": \"\", \"show_in_menus\": false, \"search_description\": \"\", \"go_live_at\": null, \"expire_at\": null, \"expired\": false, \"locked\": false, \"locked_at\": null, \"locked_by\": null, \"first_published_at\": \"2022-05-05T11:34:37.091Z\", \"last_published_at\": \"2022-05-05T11:36:32.361Z\", \"latest_revision_created_at\": \"2022-05-05T11:36:32.152Z\", \"live_revision\": 9, \"alias_of\": null, \"body\": \"\", \"documents\": \"[]\", \"wp_id\": null, \"source\": null, \"wp_slug\": \"\", \"wp_link\": \"\", \"component_fields\": \"\", \"author\": \"\", \"wagtail_admin_comments\": [], \"categorypage_category_relationship\": [], \"publication_publication_type_relationship\": []}",
    "approved_go_live_at": null
  }
},
{
  "model": "wagtailcore.pagerevision",
  "pk": 11,
  "fields": {
    "page": 9,
    "submitted_for_moderation": false,
    "created_at": "2022-05-05T11:45:12.143Z",
    "user": 1,
    "content_json": "{\"pk\": 9, \"path\": \"0001000100010005\", \"depth\": 4, \"numchild\": 0, \"translation_key\": \"00a06bfd-d9ef-4be4-b83b-23df554df88f\", \"locale\": 1, \"title\": \"Panthelot\", \"draft_title\": \"Panthalot\", \"slug\": \"panthalot\", \"content_type\": 21, \"live\": true, \"has_unpublished_changes\": false, \"url_path\": \"/home/publication-index-page/panthalot/\", \"owner\": 1, \"seo_title\": \"\", \"show_in_menus\": false, \"search_description\": \"\", \"go_live_at\": null, \"expire_at\": null, \"expired\": false, \"locked\": false, \"locked_at\": null, \"locked_by\": null, \"first_published_at\": \"2022-05-05T10:57:45.939Z\", \"last_published_at\": \"2022-05-05T10:57:45.939Z\", \"latest_revision_created_at\": \"2022-05-05T10:57:45.808Z\", \"live_revision\": 7, \"alias_of\": null, \"body\": \"\", \"documents\": \"[]\", \"wp_id\": null, \"source\": null, \"wp_slug\": \"\", \"wp_link\": \"\", \"component_fields\": \"\", \"author\": \"\", \"wagtail_admin_comments\": [], \"categorypage_category_relationship\": [], \"publication_publication_type_relationship\": [{\"pk\": 5, \"publication\": 9, \"publication_type\": 2}, {\"pk\": 6, \"publication\": 9, \"publication_type\": 1}]}",
    "approved_go_live_at": null
  }
},
{
  "model": "wagtailcore.grouppagepermission",
  "pk": 1,
  "fields": {
    "group": 1,
    "page": 1,
    "permission_type": "add"
  }
},
{
  "model": "wagtailcore.grouppagepermission",
  "pk": 2,
  "fields": {
    "group": 1,
    "page": 1,
    "permission_type": "edit"
  }
},
{
  "model": "wagtailcore.grouppagepermission",
  "pk": 3,
  "fields": {
    "group": 1,
    "page": 1,
    "permission_type": "publish"
  }
},
{
  "model": "wagtailcore.grouppagepermission",
  "pk": 4,
  "fields": {
    "group": 2,
    "page": 1,
    "permission_type": "add"
  }
},
{
  "model": "wagtailcore.grouppagepermission",
  "pk": 5,
  "fields": {
    "group": 2,
    "page": 1,
    "permission_type": "edit"
  }
},
{
  "model": "wagtailcore.grouppagepermission",
  "pk": 6,
  "fields": {
    "group": 1,
    "page": 1,
    "permission_type": "lock"
  }
},
{
  "model": "wagtailcore.grouppagepermission",
  "pk": 7,
  "fields": {
    "group": 1,
    "page": 1,
    "permission_type": "unlock"
  }
},
{
  "model": "wagtailcore.workflowpage",
  "pk": 1,
  "fields": {
    "workflow": 1
  }
},
{
  "model": "wagtailcore.workflowtask",
  "pk": 1,
  "fields": {
    "sort_order": 0,
    "workflow": 1,
    "task": 1
  }
},
{
  "model": "wagtailcore.task",
  "pk": 1,
  "fields": {
    "name": "Moderators approval",
    "content_type": 2,
    "active": true
  }
},
{
  "model": "wagtailcore.workflow",
  "pk": 1,
  "fields": {
    "name": "Moderators approval",
    "active": true
  }
},
{
  "model": "wagtailcore.groupapprovaltask",
  "pk": 1,
  "fields": {
    "groups": [
      1
    ]
  }
},
{
  "model": "wagtailcore.pagelogentry",
  "pk": 1,
  "fields": {
    "content_type": 22,
    "label": "Publication Index Page",
    "action": "wagtail.create",
    "data_json": "\"\"",
    "timestamp": "2022-05-05T10:55:31.149Z",
    "uuid": "ac20ee2a-1e9e-4c18-bb2a-70279a323bbf",
    "user": 1,
    "content_changed": true,
    "deleted": false,
    "page": 4,
    "revision": null
  }
},
{
  "model": "wagtailcore.pagelogentry",
  "pk": 2,
  "fields": {
    "content_type": 22,
    "label": "Publication Index Page",
    "action": "wagtail.publish",
    "data_json": "null",
    "timestamp": "2022-05-05T10:55:31.437Z",
    "uuid": "ac20ee2a-1e9e-4c18-bb2a-70279a323bbf",
    "user": 1,
    "content_changed": true,
    "deleted": false,
    "page": 4,
    "revision": 1
  }
},
{
  "model": "wagtailcore.pagelogentry",
  "pk": 3,
  "fields": {
    "content_type": 21,
    "label": "Panther Kitten",
    "action": "wagtail.create",
    "data_json": "\"\"",
    "timestamp": "2022-05-05T10:56:41.214Z",
    "uuid": "624302bd-4a29-4ed9-b424-5a168ff90639",
    "user": 1,
    "content_changed": true,
    "deleted": false,
    "page": 5,
    "revision": null
  }
},
{
  "model": "wagtailcore.pagelogentry",
  "pk": 4,
  "fields": {
    "content_type": 21,
    "label": "Panther Kitten",
    "action": "wagtail.publish",
    "data_json": "null",
    "timestamp": "2022-05-05T10:56:41.594Z",
    "uuid": "624302bd-4a29-4ed9-b424-5a168ff90639",
    "user": 1,
    "content_changed": true,
    "deleted": false,
    "page": 5,
    "revision": 2
  }
},
{
  "model": "wagtailcore.pagelogentry",
  "pk": 5,
  "fields": {
    "content_type": 21,
    "label": "Ocelot Kitten",
    "action": "wagtail.create",
    "data_json": "\"\"",
    "timestamp": "2022-05-05T10:56:54.191Z",
    "uuid": "77f2aaf4-4d23-46a6-88e4-ea006d8d76ac",
    "user": 1,
    "content_changed": true,
    "deleted": false,
    "page": 6,
    "revision": null
  }
},
{
  "model": "wagtailcore.pagelogentry",
  "pk": 6,
  "fields": {
    "content_type": 21,
    "label": "Ocelot Kitten",
    "action": "wagtail.publish",
    "data_json": "null",
    "timestamp": "2022-05-05T10:56:54.531Z",
    "uuid": "77f2aaf4-4d23-46a6-88e4-ea006d8d76ac",
    "user": 1,
    "content_changed": true,
    "deleted": false,
    "page": 6,
    "revision": 3
  }
},
{
  "model": "wagtailcore.pagelogentry",
  "pk": 7,
  "fields": {
    "content_type": 21,
    "label": "Old Ocelot",
    "action": "wagtail.create",
    "data_json": "\"\"",
    "timestamp": "2022-05-05T10:57:06.112Z",
    "uuid": "3bc1bc01-70da-4581-9d1d-ce590c62a340",
    "user": 1,
    "content_changed": true,
    "deleted": false,
    "page": 7,
    "revision": null
  }
},
{
  "model": "wagtailcore.pagelogentry",
  "pk": 8,
  "fields": {
    "content_type": 21,
    "label": "Old Ocelot",
    "action": "wagtail.edit",
    "data_json": "\"\"",
    "timestamp": "2022-05-05T10:57:10.917Z",
    "uuid": "3c21085e-06f1-467a-978c-41ff9f044847",
    "user": 1,
    "content_changed": true,
    "deleted": false,
    "page": 7,
    "revision": 5
  }
},
{
  "model": "wagtailcore.pagelogentry",
  "pk": 9,
  "fields": {
    "content_type": 21,
    "label": "Old Ocelot",
    "action": "wagtail.publish",
    "data_json": "null",
    "timestamp": "2022-05-05T10:57:11.135Z",
    "uuid": "3c21085e-06f1-467a-978c-41ff9f044847",
    "user": 1,
    "content_changed": false,
    "deleted": false,
    "page": 7,
    "revision": 5
  }
},
{
  "model": "wagtailcore.pagelogentry",
  "pk": 10,
  "fields": {
    "content_type": 21,
    "label": "Old Panther",
    "action": "wagtail.create",
    "data_json": "\"\"",
    "timestamp": "2022-05-05T10:57:24.619Z",
    "uuid": "cd11663f-19b9-4791-a836-3d7e258aecc0",
    "user": 1,
    "content_changed": true,
    "deleted": false,
    "page": 8,
    "revision": null
  }
},
{
  "model": "wagtailcore.pagelogentry",
  "pk": 11,
  "fields": {
    "content_type": 21,
    "label": "Old Panther",
    "action": "wagtail.publish",
    "data_json": "null",
    "timestamp": "2022-05-05T10:57:25.018Z",
    "uuid": "cd11663f-19b9-4791-a836-3d7e258aecc0",
    "user": 1,
    "content_changed": true,
    "deleted": false,
    "page": 8,
    "revision": 6
  }
},
{
  "model": "wagtailcore.pagelogentry",
  "pk": 12,
  "fields": {
    "content_type": 21,
    "label": "Panthalot",
    "action": "wagtail.create",
    "data_json": "\"\"",
    "timestamp": "2022-05-05T10:57:45.682Z",
    "uuid": "ddb6d65d-7f74-4c82-ad61-a2dd1a6d7e35",
    "user": 1,
    "content_changed": true,
    "deleted": false,
    "page": 9,
    "revision": null
  }
},
{
  "model": "wagtailcore.pagelogentry",
  "pk": 13,
  "fields": {
    "content_type": 21,
    "label": "Panthalot",
    "action": "wagtail.publish",
    "data_json": "null",
    "timestamp": "2022-05-05T10:57:46.087Z",
    "uuid": "ddb6d65d-7f74-4c82-ad61-a2dd1a6d7e35",
    "user": 1,
    "content_changed": true,
    "deleted": false,
    "page": 9,
    "revision": 7
  }
},
{
  "model": "wagtailcore.pagelogentry",
  "pk": 14,
  "fields": {
    "content_type": 21,
    "label": "Puppy",
    "action": "wagtail.create",
    "data_json": "\"\"",
    "timestamp": "2022-05-05T11:34:36.851Z",
    "uuid": "2466b9d7-9104-46b0-bfaf-b78046ade4df",
    "user": 1,
    "content_changed": true,
    "deleted": false,
    "page": 10,
    "revision": null
  }
},
{
  "model": "wagtailcore.pagelogentry",
  "pk": 15,
  "fields": {
    "content_type": 21,
    "label": "Puppy",
    "action": "wagtail.publish",
    "data_json": "null",
    "timestamp": "2022-05-05T11:34:37.180Z",
    "uuid": "2466b9d7-9104-46b0-bfaf-b78046ade4df",
    "user": 1,
    "content_changed": true,
    "deleted": false,
    "page": 10,
    "revision": 8
  }
},
{
  "model": "wagtailcore.pagelogentry",
  "pk": 16,
  "fields": {
    "content_type": 21,
    "label": "Puppy",
    "action": "wagtail.edit",
    "data_json": "\"\"",
    "timestamp": "2022-05-05T11:36:32.257Z",
    "uuid": "a115a4d1-2d82-4618-af36-0cbec42f562c",
    "user": 1,
    "content_changed": true,
    "deleted": false,
    "page": 10,
    "revision": 9
  }
},
{
  "model": "wagtailcore.pagelogentry",
  "pk": 17,
  "fields": {
    "content_type": 21,
    "label": "Puppy",
    "action": "wagtail.publish",
    "data_json": "null",
    "timestamp": "2022-05-05T11:36:32.462Z",
    "uuid": "a115a4d1-2d82-4618-af36-0cbec42f562c",
    "user": 1,
    "content_changed": false,
    "deleted": false,
    "page": 10,
    "revision": 9
  }
},
{
  "model": "wagtailcore.pagelogentry",
  "pk": 18,
  "fields": {
    "content_type": 21,
    "label": "Puppies",
    "action": "wagtail.edit",
    "data_json": "\"\"",
    "timestamp": "2022-05-05T11:39:40.385Z",
    "uuid": "1f833d49-c2b5-4682-aa8d-4ccc810638a3",
    "user": 1,
    "content_changed": true,
    "deleted": false,
    "page": 10,
    "revision": 10
  }
},
{
  "model": "wagtailcore.pagelogentry",
  "pk": 19,
  "fields": {
    "content_type": 21,
    "label": "Puppies",
    "action": "wagtail.rename",
    "data_json": "{\"title\": {\"old\": \"Puppy\", \"new\": \"Puppies\"}}",
    "timestamp": "2022-05-05T11:39:40.584Z",
    "uuid": "1f833d49-c2b5-4682-aa8d-4ccc810638a3",
    "user": 1,
    "content_changed": false,
    "deleted": false,
    "page": 10,
    "revision": 10
  }
},
{
  "model": "wagtailcore.pagelogentry",
  "pk": 20,
  "fields": {
    "content_type": 21,
    "label": "Puppies",
    "action": "wagtail.publish",
    "data_json": "{\"title\": {\"old\": \"Puppy\", \"new\": \"Puppies\"}}",
    "timestamp": "2022-05-05T11:39:40.627Z",
    "uuid": "1f833d49-c2b5-4682-aa8d-4ccc810638a3",
    "user": 1,
    "content_changed": true,
    "deleted": false,
    "page": 10,
    "revision": 10
  }
},
{
  "model": "wagtailcore.pagelogentry",
  "pk": 21,
  "fields": {
    "content_type": 21,
    "label": "Panthelot",
    "action": "wagtail.edit",
    "data_json": "\"\"",
    "timestamp": "2022-05-05T11:45:12.257Z",
    "uuid": "f8dfdce9-3606-4544-a9fa-10ac6dac064d",
    "user": 1,
    "content_changed": true,
    "deleted": false,
    "page": 9,
    "revision": 11
  }
},
{
  "model": "wagtailcore.pagelogentry",
  "pk": 22,
  "fields": {
    "content_type": 21,
    "label": "Panthelot",
    "action": "wagtail.rename",
    "data_json": "{\"title\": {\"old\": \"Panthalot\", \"new\": \"Panthelot\"}}",
    "timestamp": "2022-05-05T11:45:12.487Z",
    "uuid": "f8dfdce9-3606-4544-a9fa-10ac6dac064d",
    "user": 1,
    "content_changed": false,
    "deleted": false,
    "page": 9,
    "revision": 11
  }
},
{
  "model": "wagtailcore.pagelogentry",
  "pk": 23,
  "fields": {
    "content_type": 21,
    "label": "Panthelot",
    "action": "wagtail.publish",
    "data_json": "{\"title\": {\"old\": \"Panthalot\", \"new\": \"Panthelot\"}}",
    "timestamp": "2022-05-05T11:45:12.545Z",
    "uuid": "f8dfdce9-3606-4544-a9fa-10ac6dac064d",
    "user": 1,
    "content_changed": true,
    "deleted": false,
    "page": 9,
    "revision": 11
  }
},
{
  "model": "wagtailcore.pagesubscription",
  "pk": 1,
  "fields": {
    "user": 1,
    "page": 4,
    "comment_notifications": true
  }
},
{
  "model": "wagtailcore.pagesubscription",
  "pk": 2,
  "fields": {
    "user": 1,
    "page": 5,
    "comment_notifications": true
  }
},
{
  "model": "wagtailcore.pagesubscription",
  "pk": 3,
  "fields": {
    "user": 1,
    "page": 6,
    "comment_notifications": true
  }
},
{
  "model": "wagtailcore.pagesubscription",
  "pk": 4,
  "fields": {
    "user": 1,
    "page": 7,
    "comment_notifications": true
  }
},
{
  "model": "wagtailcore.pagesubscription",
  "pk": 5,
  "fields": {
    "user": 1,
    "page": 8,
    "comment_notifications": true
  }
},
{
  "model": "wagtailcore.pagesubscription",
  "pk": 6,
  "fields": {
    "user": 1,
    "page": 9,
    "comment_notifications": true
  }
},
{
  "model": "wagtailcore.pagesubscription",
  "pk": 7,
  "fields": {
    "user": 1,
    "page": 10,
    "comment_notifications": true
  }
},
{
  "model": "wagtailmenus.mainmenu",
  "pk": 1,
  "fields": {
    "site": 2,
    "max_levels": 2
  }
},
{
  "model": "auth.permission",
  "pk": 1,
  "fields": {
    "name": "Can add image",
    "content_type": 3,
    "codename": "add_image"
  }
},
{
  "model": "auth.permission",
  "pk": 2,
  "fields": {
    "name": "Can change image",
    "content_type": 3,
    "codename": "change_image"
  }
},
{
  "model": "auth.permission",
  "pk": 3,
  "fields": {
    "name": "Can delete image",
    "content_type": 3,
    "codename": "delete_image"
  }
},
{
  "model": "auth.permission",
  "pk": 4,
  "fields": {
    "name": "Can choose image",
    "content_type": 3,
    "codename": "choose_image"
  }
},
{
  "model": "auth.permission",
  "pk": 5,
  "fields": {
    "name": "Can add document",
    "content_type": 5,
    "codename": "add_document"
  }
},
{
  "model": "auth.permission",
  "pk": 6,
  "fields": {
    "name": "Can change document",
    "content_type": 5,
    "codename": "change_document"
  }
},
{
  "model": "auth.permission",
  "pk": 7,
  "fields": {
    "name": "Can delete document",
    "content_type": 5,
    "codename": "delete_document"
  }
},
{
  "model": "auth.permission",
  "pk": 8,
  "fields": {
    "name": "Can choose document",
    "content_type": 5,
    "codename": "choose_document"
  }
},
{
  "model": "auth.permission",
  "pk": 9,
  "fields": {
    "name": "Can access Wagtail admin",
    "content_type": 6,
    "codename": "access_admin"
  }
},
{
  "model": "auth.permission",
  "pk": 10,
  "fields": {
    "name": "Can add home page",
    "content_type": 4,
    "codename": "add_homepage"
  }
},
{
  "model": "auth.permission",
  "pk": 11,
  "fields": {
    "name": "Can change home page",
    "content_type": 4,
    "codename": "change_homepage"
  }
},
{
  "model": "auth.permission",
  "pk": 12,
  "fields": {
    "name": "Can delete home page",
    "content_type": 4,
    "codename": "delete_homepage"
  }
},
{
  "model": "auth.permission",
  "pk": 13,
  "fields": {
    "name": "Can view home page",
    "content_type": 4,
    "codename": "view_homepage"
  }
},
{
  "model": "auth.permission",
  "pk": 14,
  "fields": {
    "name": "Can add Category",
    "content_type": 7,
    "codename": "add_category"
  }
},
{
  "model": "auth.permission",
  "pk": 15,
  "fields": {
    "name": "Can change Category",
    "content_type": 7,
    "codename": "change_category"
  }
},
{
  "model": "auth.permission",
  "pk": 16,
  "fields": {
    "name": "Can delete Category",
    "content_type": 7,
    "codename": "delete_category"
  }
},
{
  "model": "auth.permission",
  "pk": 17,
  "fields": {
    "name": "Can view Category",
    "content_type": 7,
    "codename": "view_category"
  }
},
{
  "model": "auth.permission",
  "pk": 18,
  "fields": {
    "name": "Can add category page",
    "content_type": 8,
    "codename": "add_categorypage"
  }
},
{
  "model": "auth.permission",
  "pk": 19,
  "fields": {
    "name": "Can change category page",
    "content_type": 8,
    "codename": "change_categorypage"
  }
},
{
  "model": "auth.permission",
  "pk": 20,
  "fields": {
    "name": "Can delete category page",
    "content_type": 8,
    "codename": "delete_categorypage"
  }
},
{
  "model": "auth.permission",
  "pk": 21,
  "fields": {
    "name": "Can view category page",
    "content_type": 8,
    "codename": "view_categorypage"
  }
},
{
  "model": "auth.permission",
  "pk": 22,
  "fields": {
    "name": "Can add Publication Type",
    "content_type": 9,
    "codename": "add_publicationtype"
  }
},
{
  "model": "auth.permission",
  "pk": 23,
  "fields": {
    "name": "Can change Publication Type",
    "content_type": 9,
    "codename": "change_publicationtype"
  }
},
{
  "model": "auth.permission",
  "pk": 24,
  "fields": {
    "name": "Can delete Publication Type",
    "content_type": 9,
    "codename": "delete_publicationtype"
  }
},
{
  "model": "auth.permission",
  "pk": 25,
  "fields": {
    "name": "Can view Publication Type",
    "content_type": 9,
    "codename": "view_publicationtype"
  }
},
{
  "model": "auth.permission",
  "pk": 26,
  "fields": {
    "name": "Can add Region",
    "content_type": 10,
    "codename": "add_region"
  }
},
{
  "model": "auth.permission",
  "pk": 27,
  "fields": {
    "name": "Can change Region",
    "content_type": 10,
    "codename": "change_region"
  }
},
{
  "model": "auth.permission",
  "pk": 28,
  "fields": {
    "name": "Can delete Region",
    "content_type": 10,
    "codename": "delete_region"
  }
},
{
  "model": "auth.permission",
  "pk": 29,
  "fields": {
    "name": "Can view Region",
    "content_type": 10,
    "codename": "view_region"
  }
},
{
  "model": "auth.permission",
  "pk": 30,
  "fields": {
    "name": "Can add Setting",
    "content_type": 11,
    "codename": "add_setting"
  }
},
{
  "model": "auth.permission",
  "pk": 31,
  "fields": {
    "name": "Can change Setting",
    "content_type": 11,
    "codename": "change_setting"
  }
},
{
  "model": "auth.permission",
  "pk": 32,
  "fields": {
    "name": "Can delete Setting",
    "content_type": 11,
    "codename": "delete_setting"
  }
},
{
  "model": "auth.permission",
  "pk": 33,
  "fields": {
    "name": "Can view Setting",
    "content_type": 11,
    "codename": "view_setting"
  }
},
{
  "model": "auth.permission",
  "pk": 34,
  "fields": {
    "name": "Can add category page category relationship",
    "content_type": 12,
    "codename": "add_categorypagecategoryrelationship"
  }
},
{
  "model": "auth.permission",
  "pk": 35,
  "fields": {
    "name": "Can change category page category relationship",
    "content_type": 12,
    "codename": "change_categorypagecategoryrelationship"
  }
},
{
  "model": "auth.permission",
  "pk": 36,
  "fields": {
    "name": "Can delete category page category relationship",
    "content_type": 12,
    "codename": "delete_categorypagecategoryrelationship"
  }
},
{
  "model": "auth.permission",
  "pk": 37,
  "fields": {
    "name": "Can view category page category relationship",
    "content_type": 12,
    "codename": "view_categorypagecategoryrelationship"
  }
},
{
  "model": "auth.permission",
  "pk": 38,
  "fields": {
    "name": "Can add News",
    "content_type": 13,
    "codename": "add_post"
  }
},
{
  "model": "auth.permission",
  "pk": 39,
  "fields": {
    "name": "Can change News",
    "content_type": 13,
    "codename": "change_post"
  }
},
{
  "model": "auth.permission",
  "pk": 40,
  "fields": {
    "name": "Can delete News",
    "content_type": 13,
    "codename": "delete_post"
  }
},
{
  "model": "auth.permission",
  "pk": 41,
  "fields": {
    "name": "Can view News",
    "content_type": 13,
    "codename": "view_post"
  }
},
{
  "model": "auth.permission",
  "pk": 42,
  "fields": {
    "name": "Can add post index page",
    "content_type": 14,
    "codename": "add_postindexpage"
  }
},
{
  "model": "auth.permission",
  "pk": 43,
  "fields": {
    "name": "Can change post index page",
    "content_type": 14,
    "codename": "change_postindexpage"
  }
},
{
  "model": "auth.permission",
  "pk": 44,
  "fields": {
    "name": "Can delete post index page",
    "content_type": 14,
    "codename": "delete_postindexpage"
  }
},
{
  "model": "auth.permission",
  "pk": 45,
  "fields": {
    "name": "Can view post index page",
    "content_type": 14,
    "codename": "view_postindexpage"
  }
},
{
  "model": "auth.permission",
  "pk": 46,
  "fields": {
    "name": "Can add blog",
    "content_type": 15,
    "codename": "add_blog"
  }
},
{
  "model": "auth.permission",
  "pk": 47,
  "fields": {
    "name": "Can change blog",
    "content_type": 15,
    "codename": "change_blog"
  }
},
{
  "model": "auth.permission",
  "pk": 48,
  "fields": {
    "name": "Can delete blog",
    "content_type": 15,
    "codename": "delete_blog"
  }
},
{
  "model": "auth.permission",
  "pk": 49,
  "fields": {
    "name": "Can view blog",
    "content_type": 15,
    "codename": "view_blog"
  }
},
{
  "model": "auth.permission",
  "pk": 50,
  "fields": {
    "name": "Can add blog index page",
    "content_type": 16,
    "codename": "add_blogindexpage"
  }
},
{
  "model": "auth.permission",
  "pk": 51,
  "fields": {
    "name": "Can change blog index page",
    "content_type": 16,
    "codename": "change_blogindexpage"
  }
},
{
  "model": "auth.permission",
  "pk": 52,
  "fields": {
    "name": "Can delete blog index page",
    "content_type": 16,
    "codename": "delete_blogindexpage"
  }
},
{
  "model": "auth.permission",
  "pk": 53,
  "fields": {
    "name": "Can view blog index page",
    "content_type": 16,
    "codename": "view_blogindexpage"
  }
},
{
  "model": "auth.permission",
  "pk": 54,
  "fields": {
    "name": "Can add base page",
    "content_type": 17,
    "codename": "add_basepage"
  }
},
{
  "model": "auth.permission",
  "pk": 55,
  "fields": {
    "name": "Can change base page",
    "content_type": 17,
    "codename": "change_basepage"
  }
},
{
  "model": "auth.permission",
  "pk": 56,
  "fields": {
    "name": "Can delete base page",
    "content_type": 17,
    "codename": "delete_basepage"
  }
},
{
  "model": "auth.permission",
  "pk": 57,
  "fields": {
    "name": "Can view base page",
    "content_type": 17,
    "codename": "view_basepage"
  }
},
{
  "model": "auth.permission",
  "pk": 58,
  "fields": {
    "name": "Can add components page",
    "content_type": 18,
    "codename": "add_componentspage"
  }
},
{
  "model": "auth.permission",
  "pk": 59,
  "fields": {
    "name": "Can change components page",
    "content_type": 18,
    "codename": "change_componentspage"
  }
},
{
  "model": "auth.permission",
  "pk": 60,
  "fields": {
    "name": "Can delete components page",
    "content_type": 18,
    "codename": "delete_componentspage"
  }
},
{
  "model": "auth.permission",
  "pk": 61,
  "fields": {
    "name": "Can view components page",
    "content_type": 18,
    "codename": "view_componentspage"
  }
},
{
  "model": "auth.permission",
  "pk": 62,
  "fields": {
    "name": "Can add holding page",
    "content_type": 19,
    "codename": "add_holdingpage"
  }
},
{
  "model": "auth.permission",
  "pk": 63,
  "fields": {
    "name": "Can change holding page",
    "content_type": 19,
    "codename": "change_holdingpage"
  }
},
{
  "model": "auth.permission",
  "pk": 64,
  "fields": {
    "name": "Can delete holding page",
    "content_type": 19,
    "codename": "delete_holdingpage"
  }
},
{
  "model": "auth.permission",
  "pk": 65,
  "fields": {
    "name": "Can view holding page",
    "content_type": 19,
    "codename": "view_holdingpage"
  }
},
{
  "model": "auth.permission",
  "pk": 66,
  "fields": {
    "name": "Can add landing page",
    "content_type": 20,
    "codename": "add_landingpage"
  }
},
{
  "model": "auth.permission",
  "pk": 67,
  "fields": {
    "name": "Can change landing page",
    "content_type": 20,
    "codename": "change_landingpage"
  }
},
{
  "model": "auth.permission",
  "pk": 68,
  "fields": {
    "name": "Can delete landing page",
    "content_type": 20,
    "codename": "delete_landingpage"
  }
},
{
  "model": "auth.permission",
  "pk": 69,
  "fields": {
    "name": "Can view landing page",
    "content_type": 20,
    "codename": "view_landingpage"
  }
},
{
  "model": "auth.permission",
  "pk": 70,
  "fields": {
    "name": "Can add publication",
    "content_type": 21,
    "codename": "add_publication"
  }
},
{
  "model": "auth.permission",
  "pk": 71,
  "fields": {
    "name": "Can change publication",
    "content_type": 21,
    "codename": "change_publication"
  }
},
{
  "model": "auth.permission",
  "pk": 72,
  "fields": {
    "name": "Can delete publication",
    "content_type": 21,
    "codename": "delete_publication"
  }
},
{
  "model": "auth.permission",
  "pk": 73,
  "fields": {
    "name": "Can view publication",
    "content_type": 21,
    "codename": "view_publication"
  }
},
{
  "model": "auth.permission",
  "pk": 74,
  "fields": {
    "name": "Can add Publications Index Page",
    "content_type": 22,
    "codename": "add_publicationindexpage"
  }
},
{
  "model": "auth.permission",
  "pk": 75,
  "fields": {
    "name": "Can change Publications Index Page",
    "content_type": 22,
    "codename": "change_publicationindexpage"
  }
},
{
  "model": "auth.permission",
  "pk": 76,
  "fields": {
    "name": "Can delete Publications Index Page",
    "content_type": 22,
    "codename": "delete_publicationindexpage"
  }
},
{
  "model": "auth.permission",
  "pk": 77,
  "fields": {
    "name": "Can view Publications Index Page",
    "content_type": 22,
    "codename": "view_publicationindexpage"
  }
},
{
  "model": "auth.permission",
  "pk": 78,
  "fields": {
    "name": "Can add publication publication type relationship",
    "content_type": 23,
    "codename": "add_publicationpublicationtyperelationship"
  }
},
{
  "model": "auth.permission",
  "pk": 79,
  "fields": {
    "name": "Can change publication publication type relationship",
    "content_type": 23,
    "codename": "change_publicationpublicationtyperelationship"
  }
},
{
  "model": "auth.permission",
  "pk": 80,
  "fields": {
    "name": "Can delete publication publication type relationship",
    "content_type": 23,
    "codename": "delete_publicationpublicationtyperelationship"
  }
},
{
  "model": "auth.permission",
  "pk": 81,
  "fields": {
    "name": "Can view publication publication type relationship",
    "content_type": 23,
    "codename": "view_publicationpublicationtyperelationship"
  }
},
{
  "model": "auth.permission",
  "pk": 82,
  "fields": {
    "name": "Can add toc",
    "content_type": 24,
    "codename": "add_toc"
  }
},
{
  "model": "auth.permission",
  "pk": 83,
  "fields": {
    "name": "Can change toc",
    "content_type": 24,
    "codename": "change_toc"
  }
},
{
  "model": "auth.permission",
  "pk": 84,
  "fields": {
    "name": "Can delete toc",
    "content_type": 24,
    "codename": "delete_toc"
  }
},
{
  "model": "auth.permission",
  "pk": 85,
  "fields": {
    "name": "Can view toc",
    "content_type": 24,
    "codename": "view_toc"
  }
},
{
  "model": "auth.permission",
  "pk": 86,
  "fields": {
    "name": "Can add core settings",
    "content_type": 25,
    "codename": "add_coresettings"
  }
},
{
  "model": "auth.permission",
  "pk": 87,
  "fields": {
    "name": "Can change core settings",
    "content_type": 25,
    "codename": "change_coresettings"
  }
},
{
  "model": "auth.permission",
  "pk": 88,
  "fields": {
    "name": "Can delete core settings",
    "content_type": 25,
    "codename": "delete_coresettings"
  }
},
{
  "model": "auth.permission",
  "pk": 89,
  "fields": {
    "name": "Can view core settings",
    "content_type": 25,
    "codename": "view_coresettings"
  }
},
{
  "model": "auth.permission",
  "pk": 90,
  "fields": {
    "name": "Can add menu item",
    "content_type": 26,
    "codename": "add_extendedmainmenuitem"
  }
},
{
  "model": "auth.permission",
  "pk": 91,
  "fields": {
    "name": "Can change menu item",
    "content_type": 26,
    "codename": "change_extendedmainmenuitem"
  }
},
{
  "model": "auth.permission",
  "pk": 92,
  "fields": {
    "name": "Can delete menu item",
    "content_type": 26,
    "codename": "delete_extendedmainmenuitem"
  }
},
{
  "model": "auth.permission",
  "pk": 93,
  "fields": {
    "name": "Can view menu item",
    "content_type": 26,
    "codename": "view_extendedmainmenuitem"
  }
},
{
  "model": "auth.permission",
  "pk": 94,
  "fields": {
    "name": "Can add image import bridge",
    "content_type": 27,
    "codename": "add_imageimportbridge"
  }
},
{
  "model": "auth.permission",
  "pk": 95,
  "fields": {
    "name": "Can change image import bridge",
    "content_type": 27,
    "codename": "change_imageimportbridge"
  }
},
{
  "model": "auth.permission",
  "pk": 96,
  "fields": {
    "name": "Can delete image import bridge",
    "content_type": 27,
    "codename": "delete_imageimportbridge"
  }
},
{
  "model": "auth.permission",
  "pk": 97,
  "fields": {
    "name": "Can view image import bridge",
    "content_type": 27,
    "codename": "view_imageimportbridge"
  }
},
{
  "model": "auth.permission",
  "pk": 98,
  "fields": {
    "name": "Can add doc import bridge",
    "content_type": 28,
    "codename": "add_docimportbridge"
  }
},
{
  "model": "auth.permission",
  "pk": 99,
  "fields": {
    "name": "Can change doc import bridge",
    "content_type": 28,
    "codename": "change_docimportbridge"
  }
},
{
  "model": "auth.permission",
  "pk": 100,
  "fields": {
    "name": "Can delete doc import bridge",
    "content_type": 28,
    "codename": "delete_docimportbridge"
  }
},
{
  "model": "auth.permission",
  "pk": 101,
  "fields": {
    "name": "Can view doc import bridge",
    "content_type": 28,
    "codename": "view_docimportbridge"
  }
},
{
  "model": "auth.permission",
  "pk": 102,
  "fields": {
    "name": "Can add parse list",
    "content_type": 29,
    "codename": "add_parselist"
  }
},
{
  "model": "auth.permission",
  "pk": 103,
  "fields": {
    "name": "Can change parse list",
    "content_type": 29,
    "codename": "change_parselist"
  }
},
{
  "model": "auth.permission",
  "pk": 104,
  "fields": {
    "name": "Can delete parse list",
    "content_type": 29,
    "codename": "delete_parselist"
  }
},
{
  "model": "auth.permission",
  "pk": 105,
  "fields": {
    "name": "Can view parse list",
    "content_type": 29,
    "codename": "view_parselist"
  }
},
{
  "model": "auth.permission",
  "pk": 106,
  "fields": {
    "name": "Can add form submission",
    "content_type": 30,
    "codename": "add_formsubmission"
  }
},
{
  "model": "auth.permission",
  "pk": 107,
  "fields": {
    "name": "Can change form submission",
    "content_type": 30,
    "codename": "change_formsubmission"
  }
},
{
  "model": "auth.permission",
  "pk": 108,
  "fields": {
    "name": "Can delete form submission",
    "content_type": 30,
    "codename": "delete_formsubmission"
  }
},
{
  "model": "auth.permission",
  "pk": 109,
  "fields": {
    "name": "Can view form submission",
    "content_type": 30,
    "codename": "view_formsubmission"
  }
},
{
  "model": "auth.permission",
  "pk": 110,
  "fields": {
    "name": "Can add redirect",
    "content_type": 31,
    "codename": "add_redirect"
  }
},
{
  "model": "auth.permission",
  "pk": 111,
  "fields": {
    "name": "Can change redirect",
    "content_type": 31,
    "codename": "change_redirect"
  }
},
{
  "model": "auth.permission",
  "pk": 112,
  "fields": {
    "name": "Can delete redirect",
    "content_type": 31,
    "codename": "delete_redirect"
  }
},
{
  "model": "auth.permission",
  "pk": 113,
  "fields": {
    "name": "Can view redirect",
    "content_type": 31,
    "codename": "view_redirect"
  }
},
{
  "model": "auth.permission",
  "pk": 114,
  "fields": {
    "name": "Can add embed",
    "content_type": 32,
    "codename": "add_embed"
  }
},
{
  "model": "auth.permission",
  "pk": 115,
  "fields": {
    "name": "Can change embed",
    "content_type": 32,
    "codename": "change_embed"
  }
},
{
  "model": "auth.permission",
  "pk": 116,
  "fields": {
    "name": "Can delete embed",
    "content_type": 32,
    "codename": "delete_embed"
  }
},
{
  "model": "auth.permission",
  "pk": 117,
  "fields": {
    "name": "Can view embed",
    "content_type": 32,
    "codename": "view_embed"
  }
},
{
  "model": "auth.permission",
  "pk": 118,
  "fields": {
    "name": "Can add user profile",
    "content_type": 33,
    "codename": "add_userprofile"
  }
},
{
  "model": "auth.permission",
  "pk": 119,
  "fields": {
    "name": "Can change user profile",
    "content_type": 33,
    "codename": "change_userprofile"
  }
},
{
  "model": "auth.permission",
  "pk": 120,
  "fields": {
    "name": "Can delete user profile",
    "content_type": 33,
    "codename": "delete_userprofile"
  }
},
{
  "model": "auth.permission",
  "pk": 121,
  "fields": {
    "name": "Can view user profile",
    "content_type": 33,
    "codename": "view_userprofile"
  }
},
{
  "model": "auth.permission",
  "pk": 122,
  "fields": {
    "name": "Can view document",
    "content_type": 5,
    "codename": "view_document"
  }
},
{
  "model": "auth.permission",
  "pk": 123,
  "fields": {
    "name": "Can add uploaded document",
    "content_type": 34,
    "codename": "add_uploadeddocument"
  }
},
{
  "model": "auth.permission",
  "pk": 124,
  "fields": {
    "name": "Can change uploaded document",
    "content_type": 34,
    "codename": "change_uploadeddocument"
  }
},
{
  "model": "auth.permission",
  "pk": 125,
  "fields": {
    "name": "Can delete uploaded document",
    "content_type": 34,
    "codename": "delete_uploadeddocument"
  }
},
{
  "model": "auth.permission",
  "pk": 126,
  "fields": {
    "name": "Can view uploaded document",
    "content_type": 34,
    "codename": "view_uploadeddocument"
  }
},
{
  "model": "auth.permission",
  "pk": 127,
  "fields": {
    "name": "Can view image",
    "content_type": 3,
    "codename": "view_image"
  }
},
{
  "model": "auth.permission",
  "pk": 128,
  "fields": {
    "name": "Can add rendition",
    "content_type": 35,
    "codename": "add_rendition"
  }
},
{
  "model": "auth.permission",
  "pk": 129,
  "fields": {
    "name": "Can change rendition",
    "content_type": 35,
    "codename": "change_rendition"
  }
},
{
  "model": "auth.permission",
  "pk": 130,
  "fields": {
    "name": "Can delete rendition",
    "content_type": 35,
    "codename": "delete_rendition"
  }
},
{
  "model": "auth.permission",
  "pk": 131,
  "fields": {
    "name": "Can view rendition",
    "content_type": 35,
    "codename": "view_rendition"
  }
},
{
  "model": "auth.permission",
  "pk": 132,
  "fields": {
    "name": "Can add uploaded image",
    "content_type": 36,
    "codename": "add_uploadedimage"
  }
},
{
  "model": "auth.permission",
  "pk": 133,
  "fields": {
    "name": "Can change uploaded image",
    "content_type": 36,
    "codename": "change_uploadedimage"
  }
},
{
  "model": "auth.permission",
  "pk": 134,
  "fields": {
    "name": "Can delete uploaded image",
    "content_type": 36,
    "codename": "delete_uploadedimage"
  }
},
{
  "model": "auth.permission",
  "pk": 135,
  "fields": {
    "name": "Can view uploaded image",
    "content_type": 36,
    "codename": "view_uploadedimage"
  }
},
{
  "model": "auth.permission",
  "pk": 136,
  "fields": {
    "name": "Can add query",
    "content_type": 37,
    "codename": "add_query"
  }
},
{
  "model": "auth.permission",
  "pk": 137,
  "fields": {
    "name": "Can change query",
    "content_type": 37,
    "codename": "change_query"
  }
},
{
  "model": "auth.permission",
  "pk": 138,
  "fields": {
    "name": "Can delete query",
    "content_type": 37,
    "codename": "delete_query"
  }
},
{
  "model": "auth.permission",
  "pk": 139,
  "fields": {
    "name": "Can view query",
    "content_type": 37,
    "codename": "view_query"
  }
},
{
  "model": "auth.permission",
  "pk": 140,
  "fields": {
    "name": "Can add Query Daily Hits",
    "content_type": 38,
    "codename": "add_querydailyhits"
  }
},
{
  "model": "auth.permission",
  "pk": 141,
  "fields": {
    "name": "Can change Query Daily Hits",
    "content_type": 38,
    "codename": "change_querydailyhits"
  }
},
{
  "model": "auth.permission",
  "pk": 142,
  "fields": {
    "name": "Can delete Query Daily Hits",
    "content_type": 38,
    "codename": "delete_querydailyhits"
  }
},
{
  "model": "auth.permission",
  "pk": 143,
  "fields": {
    "name": "Can view Query Daily Hits",
    "content_type": 38,
    "codename": "view_querydailyhits"
  }
},
{
  "model": "auth.permission",
  "pk": 144,
  "fields": {
    "name": "Can add index entry",
    "content_type": 39,
    "codename": "add_indexentry"
  }
},
{
  "model": "auth.permission",
  "pk": 145,
  "fields": {
    "name": "Can change index entry",
    "content_type": 39,
    "codename": "change_indexentry"
  }
},
{
  "model": "auth.permission",
  "pk": 146,
  "fields": {
    "name": "Can delete index entry",
    "content_type": 39,
    "codename": "delete_indexentry"
  }
},
{
  "model": "auth.permission",
  "pk": 147,
  "fields": {
    "name": "Can view index entry",
    "content_type": 39,
    "codename": "view_indexentry"
  }
},
{
  "model": "auth.permission",
  "pk": 148,
  "fields": {
    "name": "Can add sqliteftsindexentry",
    "content_type": 40,
    "codename": "add_sqliteftsindexentry"
  }
},
{
  "model": "auth.permission",
  "pk": 149,
  "fields": {
    "name": "Can change sqliteftsindexentry",
    "content_type": 40,
    "codename": "change_sqliteftsindexentry"
  }
},
{
  "model": "auth.permission",
  "pk": 150,
  "fields": {
    "name": "Can delete sqliteftsindexentry",
    "content_type": 40,
    "codename": "delete_sqliteftsindexentry"
  }
},
{
  "model": "auth.permission",
  "pk": 151,
  "fields": {
    "name": "Can view sqliteftsindexentry",
    "content_type": 40,
    "codename": "view_sqliteftsindexentry"
  }
},
{
  "model": "auth.permission",
  "pk": 152,
  "fields": {
    "name": "Can add page",
    "content_type": 1,
    "codename": "add_page"
  }
},
{
  "model": "auth.permission",
  "pk": 153,
  "fields": {
    "name": "Can change page",
    "content_type": 1,
    "codename": "change_page"
  }
},
{
  "model": "auth.permission",
  "pk": 154,
  "fields": {
    "name": "Can delete page",
    "content_type": 1,
    "codename": "delete_page"
  }
},
{
  "model": "auth.permission",
  "pk": 155,
  "fields": {
    "name": "Can view page",
    "content_type": 1,
    "codename": "view_page"
  }
},
{
  "model": "auth.permission",
  "pk": 156,
  "fields": {
    "name": "Can add group page permission",
    "content_type": 41,
    "codename": "add_grouppagepermission"
  }
},
{
  "model": "auth.permission",
  "pk": 157,
  "fields": {
    "name": "Can change group page permission",
    "content_type": 41,
    "codename": "change_grouppagepermission"
  }
},
{
  "model": "auth.permission",
  "pk": 158,
  "fields": {
    "name": "Can delete group page permission",
    "content_type": 41,
    "codename": "delete_grouppagepermission"
  }
},
{
  "model": "auth.permission",
  "pk": 159,
  "fields": {
    "name": "Can view group page permission",
    "content_type": 41,
    "codename": "view_grouppagepermission"
  }
},
{
  "model": "auth.permission",
  "pk": 160,
  "fields": {
    "name": "Can add page revision",
    "content_type": 42,
    "codename": "add_pagerevision"
  }
},
{
  "model": "auth.permission",
  "pk": 161,
  "fields": {
    "name": "Can change page revision",
    "content_type": 42,
    "codename": "change_pagerevision"
  }
},
{
  "model": "auth.permission",
  "pk": 162,
  "fields": {
    "name": "Can delete page revision",
    "content_type": 42,
    "codename": "delete_pagerevision"
  }
},
{
  "model": "auth.permission",
  "pk": 163,
  "fields": {
    "name": "Can view page revision",
    "content_type": 42,
    "codename": "view_pagerevision"
  }
},
{
  "model": "auth.permission",
  "pk": 164,
  "fields": {
    "name": "Can add page view restriction",
    "content_type": 43,
    "codename": "add_pageviewrestriction"
  }
},
{
  "model": "auth.permission",
  "pk": 165,
  "fields": {
    "name": "Can change page view restriction",
    "content_type": 43,
    "codename": "change_pageviewrestriction"
  }
},
{
  "model": "auth.permission",
  "pk": 166,
  "fields": {
    "name": "Can delete page view restriction",
    "content_type": 43,
    "codename": "delete_pageviewrestriction"
  }
},
{
  "model": "auth.permission",
  "pk": 167,
  "fields": {
    "name": "Can view page view restriction",
    "content_type": 43,
    "codename": "view_pageviewrestriction"
  }
},
{
  "model": "auth.permission",
  "pk": 168,
  "fields": {
    "name": "Can add site",
    "content_type": 44,
    "codename": "add_site"
  }
},
{
  "model": "auth.permission",
  "pk": 169,
  "fields": {
    "name": "Can change site",
    "content_type": 44,
    "codename": "change_site"
  }
},
{
  "model": "auth.permission",
  "pk": 170,
  "fields": {
    "name": "Can delete site",
    "content_type": 44,
    "codename": "delete_site"
  }
},
{
  "model": "auth.permission",
  "pk": 171,
  "fields": {
    "name": "Can view site",
    "content_type": 44,
    "codename": "view_site"
  }
},
{
  "model": "auth.permission",
  "pk": 172,
  "fields": {
    "name": "Can add collection",
    "content_type": 45,
    "codename": "add_collection"
  }
},
{
  "model": "auth.permission",
  "pk": 173,
  "fields": {
    "name": "Can change collection",
    "content_type": 45,
    "codename": "change_collection"
  }
},
{
  "model": "auth.permission",
  "pk": 174,
  "fields": {
    "name": "Can delete collection",
    "content_type": 45,
    "codename": "delete_collection"
  }
},
{
  "model": "auth.permission",
  "pk": 175,
  "fields": {
    "name": "Can view collection",
    "content_type": 45,
    "codename": "view_collection"
  }
},
{
  "model": "auth.permission",
  "pk": 176,
  "fields": {
    "name": "Can add group collection permission",
    "content_type": 46,
    "codename": "add_groupcollectionpermission"
  }
},
{
  "model": "auth.permission",
  "pk": 177,
  "fields": {
    "name": "Can change group collection permission",
    "content_type": 46,
    "codename": "change_groupcollectionpermission"
  }
},
{
  "model": "auth.permission",
  "pk": 178,
  "fields": {
    "name": "Can delete group collection permission",
    "content_type": 46,
    "codename": "delete_groupcollectionpermission"
  }
},
{
  "model": "auth.permission",
  "pk": 179,
  "fields": {
    "name": "Can view group collection permission",
    "content_type": 46,
    "codename": "view_groupcollectionpermission"
  }
},
{
  "model": "auth.permission",
  "pk": 180,
  "fields": {
    "name": "Can add collection view restriction",
    "content_type": 47,
    "codename": "add_collectionviewrestriction"
  }
},
{
  "model": "auth.permission",
  "pk": 181,
  "fields": {
    "name": "Can change collection view restriction",
    "content_type": 47,
    "codename": "change_collectionviewrestriction"
  }
},
{
  "model": "auth.permission",
  "pk": 182,
  "fields": {
    "name": "Can delete collection view restriction",
    "content_type": 47,
    "codename": "delete_collectionviewrestriction"
  }
},
{
  "model": "auth.permission",
  "pk": 183,
  "fields": {
    "name": "Can view collection view restriction",
    "content_type": 47,
    "codename": "view_collectionviewrestriction"
  }
},
{
  "model": "auth.permission",
  "pk": 184,
  "fields": {
    "name": "Can add task",
    "content_type": 48,
    "codename": "add_task"
  }
},
{
  "model": "auth.permission",
  "pk": 185,
  "fields": {
    "name": "Can change task",
    "content_type": 48,
    "codename": "change_task"
  }
},
{
  "model": "auth.permission",
  "pk": 186,
  "fields": {
    "name": "Can delete task",
    "content_type": 48,
    "codename": "delete_task"
  }
},
{
  "model": "auth.permission",
  "pk": 187,
  "fields": {
    "name": "Can view task",
    "content_type": 48,
    "codename": "view_task"
  }
},
{
  "model": "auth.permission",
  "pk": 188,
  "fields": {
    "name": "Can add Task state",
    "content_type": 49,
    "codename": "add_taskstate"
  }
},
{
  "model": "auth.permission",
  "pk": 189,
  "fields": {
    "name": "Can change Task state",
    "content_type": 49,
    "codename": "change_taskstate"
  }
},
{
  "model": "auth.permission",
  "pk": 190,
  "fields": {
    "name": "Can delete Task state",
    "content_type": 49,
    "codename": "delete_taskstate"
  }
},
{
  "model": "auth.permission",
  "pk": 191,
  "fields": {
    "name": "Can view Task state",
    "content_type": 49,
    "codename": "view_taskstate"
  }
},
{
  "model": "auth.permission",
  "pk": 192,
  "fields": {
    "name": "Can add workflow",
    "content_type": 50,
    "codename": "add_workflow"
  }
},
{
  "model": "auth.permission",
  "pk": 193,
  "fields": {
    "name": "Can change workflow",
    "content_type": 50,
    "codename": "change_workflow"
  }
},
{
  "model": "auth.permission",
  "pk": 194,
  "fields": {
    "name": "Can delete workflow",
    "content_type": 50,
    "codename": "delete_workflow"
  }
},
{
  "model": "auth.permission",
  "pk": 195,
  "fields": {
    "name": "Can view workflow",
    "content_type": 50,
    "codename": "view_workflow"
  }
},
{
  "model": "auth.permission",
  "pk": 196,
  "fields": {
    "name": "Can add Group approval task",
    "content_type": 2,
    "codename": "add_groupapprovaltask"
  }
},
{
  "model": "auth.permission",
  "pk": 197,
  "fields": {
    "name": "Can change Group approval task",
    "content_type": 2,
    "codename": "change_groupapprovaltask"
  }
},
{
  "model": "auth.permission",
  "pk": 198,
  "fields": {
    "name": "Can delete Group approval task",
    "content_type": 2,
    "codename": "delete_groupapprovaltask"
  }
},
{
  "model": "auth.permission",
  "pk": 199,
  "fields": {
    "name": "Can view Group approval task",
    "content_type": 2,
    "codename": "view_groupapprovaltask"
  }
},
{
  "model": "auth.permission",
  "pk": 200,
  "fields": {
    "name": "Can add Workflow state",
    "content_type": 51,
    "codename": "add_workflowstate"
  }
},
{
  "model": "auth.permission",
  "pk": 201,
  "fields": {
    "name": "Can change Workflow state",
    "content_type": 51,
    "codename": "change_workflowstate"
  }
},
{
  "model": "auth.permission",
  "pk": 202,
  "fields": {
    "name": "Can delete Workflow state",
    "content_type": 51,
    "codename": "delete_workflowstate"
  }
},
{
  "model": "auth.permission",
  "pk": 203,
  "fields": {
    "name": "Can view Workflow state",
    "content_type": 51,
    "codename": "view_workflowstate"
  }
},
{
  "model": "auth.permission",
  "pk": 204,
  "fields": {
    "name": "Can add workflow page",
    "content_type": 52,
    "codename": "add_workflowpage"
  }
},
{
  "model": "auth.permission",
  "pk": 205,
  "fields": {
    "name": "Can change workflow page",
    "content_type": 52,
    "codename": "change_workflowpage"
  }
},
{
  "model": "auth.permission",
  "pk": 206,
  "fields": {
    "name": "Can delete workflow page",
    "content_type": 52,
    "codename": "delete_workflowpage"
  }
},
{
  "model": "auth.permission",
  "pk": 207,
  "fields": {
    "name": "Can view workflow page",
    "content_type": 52,
    "codename": "view_workflowpage"
  }
},
{
  "model": "auth.permission",
  "pk": 208,
  "fields": {
    "name": "Can add workflow task order",
    "content_type": 53,
    "codename": "add_workflowtask"
  }
},
{
  "model": "auth.permission",
  "pk": 209,
  "fields": {
    "name": "Can change workflow task order",
    "content_type": 53,
    "codename": "change_workflowtask"
  }
},
{
  "model": "auth.permission",
  "pk": 210,
  "fields": {
    "name": "Can delete workflow task order",
    "content_type": 53,
    "codename": "delete_workflowtask"
  }
},
{
  "model": "auth.permission",
  "pk": 211,
  "fields": {
    "name": "Can view workflow task order",
    "content_type": 53,
    "codename": "view_workflowtask"
  }
},
{
  "model": "auth.permission",
  "pk": 212,
  "fields": {
    "name": "Can add page log entry",
    "content_type": 54,
    "codename": "add_pagelogentry"
  }
},
{
  "model": "auth.permission",
  "pk": 213,
  "fields": {
    "name": "Can change page log entry",
    "content_type": 54,
    "codename": "change_pagelogentry"
  }
},
{
  "model": "auth.permission",
  "pk": 214,
  "fields": {
    "name": "Can delete page log entry",
    "content_type": 54,
    "codename": "delete_pagelogentry"
  }
},
{
  "model": "auth.permission",
  "pk": 215,
  "fields": {
    "name": "Can view page log entry",
    "content_type": 54,
    "codename": "view_pagelogentry"
  }
},
{
  "model": "auth.permission",
  "pk": 216,
  "fields": {
    "name": "Can add locale",
    "content_type": 55,
    "codename": "add_locale"
  }
},
{
  "model": "auth.permission",
  "pk": 217,
  "fields": {
    "name": "Can change locale",
    "content_type": 55,
    "codename": "change_locale"
  }
},
{
  "model": "auth.permission",
  "pk": 218,
  "fields": {
    "name": "Can delete locale",
    "content_type": 55,
    "codename": "delete_locale"
  }
},
{
  "model": "auth.permission",
  "pk": 219,
  "fields": {
    "name": "Can view locale",
    "content_type": 55,
    "codename": "view_locale"
  }
},
{
  "model": "auth.permission",
  "pk": 220,
  "fields": {
    "name": "Can add comment",
    "content_type": 56,
    "codename": "add_comment"
  }
},
{
  "model": "auth.permission",
  "pk": 221,
  "fields": {
    "name": "Can change comment",
    "content_type": 56,
    "codename": "change_comment"
  }
},
{
  "model": "auth.permission",
  "pk": 222,
  "fields": {
    "name": "Can delete comment",
    "content_type": 56,
    "codename": "delete_comment"
  }
},
{
  "model": "auth.permission",
  "pk": 223,
  "fields": {
    "name": "Can view comment",
    "content_type": 56,
    "codename": "view_comment"
  }
},
{
  "model": "auth.permission",
  "pk": 224,
  "fields": {
    "name": "Can add comment reply",
    "content_type": 57,
    "codename": "add_commentreply"
  }
},
{
  "model": "auth.permission",
  "pk": 225,
  "fields": {
    "name": "Can change comment reply",
    "content_type": 57,
    "codename": "change_commentreply"
  }
},
{
  "model": "auth.permission",
  "pk": 226,
  "fields": {
    "name": "Can delete comment reply",
    "content_type": 57,
    "codename": "delete_commentreply"
  }
},
{
  "model": "auth.permission",
  "pk": 227,
  "fields": {
    "name": "Can view comment reply",
    "content_type": 57,
    "codename": "view_commentreply"
  }
},
{
  "model": "auth.permission",
  "pk": 228,
  "fields": {
    "name": "Can add page subscription",
    "content_type": 58,
    "codename": "add_pagesubscription"
  }
},
{
  "model": "auth.permission",
  "pk": 229,
  "fields": {
    "name": "Can change page subscription",
    "content_type": 58,
    "codename": "change_pagesubscription"
  }
},
{
  "model": "auth.permission",
  "pk": 230,
  "fields": {
    "name": "Can delete page subscription",
    "content_type": 58,
    "codename": "delete_pagesubscription"
  }
},
{
  "model": "auth.permission",
  "pk": 231,
  "fields": {
    "name": "Can view page subscription",
    "content_type": 58,
    "codename": "view_pagesubscription"
  }
},
{
  "model": "auth.permission",
  "pk": 232,
  "fields": {
    "name": "Can add model log entry",
    "content_type": 59,
    "codename": "add_modellogentry"
  }
},
{
  "model": "auth.permission",
  "pk": 233,
  "fields": {
    "name": "Can change model log entry",
    "content_type": 59,
    "codename": "change_modellogentry"
  }
},
{
  "model": "auth.permission",
  "pk": 234,
  "fields": {
    "name": "Can delete model log entry",
    "content_type": 59,
    "codename": "delete_modellogentry"
  }
},
{
  "model": "auth.permission",
  "pk": 235,
  "fields": {
    "name": "Can view model log entry",
    "content_type": 59,
    "codename": "view_modellogentry"
  }
},
{
  "model": "auth.permission",
  "pk": 236,
  "fields": {
    "name": "Can add flat menu",
    "content_type": 60,
    "codename": "add_flatmenu"
  }
},
{
  "model": "auth.permission",
  "pk": 237,
  "fields": {
    "name": "Can change flat menu",
    "content_type": 60,
    "codename": "change_flatmenu"
  }
},
{
  "model": "auth.permission",
  "pk": 238,
  "fields": {
    "name": "Can delete flat menu",
    "content_type": 60,
    "codename": "delete_flatmenu"
  }
},
{
  "model": "auth.permission",
  "pk": 239,
  "fields": {
    "name": "Can view flat menu",
    "content_type": 60,
    "codename": "view_flatmenu"
  }
},
{
  "model": "auth.permission",
  "pk": 240,
  "fields": {
    "name": "Can add menu item",
    "content_type": 61,
    "codename": "add_flatmenuitem"
  }
},
{
  "model": "auth.permission",
  "pk": 241,
  "fields": {
    "name": "Can change menu item",
    "content_type": 61,
    "codename": "change_flatmenuitem"
  }
},
{
  "model": "auth.permission",
  "pk": 242,
  "fields": {
    "name": "Can delete menu item",
    "content_type": 61,
    "codename": "delete_flatmenuitem"
  }
},
{
  "model": "auth.permission",
  "pk": 243,
  "fields": {
    "name": "Can view menu item",
    "content_type": 61,
    "codename": "view_flatmenuitem"
  }
},
{
  "model": "auth.permission",
  "pk": 244,
  "fields": {
    "name": "Can add main menu",
    "content_type": 62,
    "codename": "add_mainmenu"
  }
},
{
  "model": "auth.permission",
  "pk": 245,
  "fields": {
    "name": "Can change main menu",
    "content_type": 62,
    "codename": "change_mainmenu"
  }
},
{
  "model": "auth.permission",
  "pk": 246,
  "fields": {
    "name": "Can delete main menu",
    "content_type": 62,
    "codename": "delete_mainmenu"
  }
},
{
  "model": "auth.permission",
  "pk": 247,
  "fields": {
    "name": "Can view main menu",
    "content_type": 62,
    "codename": "view_mainmenu"
  }
},
{
  "model": "auth.permission",
  "pk": 248,
  "fields": {
    "name": "Can add menu item",
    "content_type": 63,
    "codename": "add_mainmenuitem"
  }
},
{
  "model": "auth.permission",
  "pk": 249,
  "fields": {
    "name": "Can change menu item",
    "content_type": 63,
    "codename": "change_mainmenuitem"
  }
},
{
  "model": "auth.permission",
  "pk": 250,
  "fields": {
    "name": "Can delete menu item",
    "content_type": 63,
    "codename": "delete_mainmenuitem"
  }
},
{
  "model": "auth.permission",
  "pk": 251,
  "fields": {
    "name": "Can view menu item",
    "content_type": 63,
    "codename": "view_mainmenuitem"
  }
},
{
  "model": "auth.permission",
  "pk": 252,
  "fields": {
    "name": "Can add tag",
    "content_type": 64,
    "codename": "add_tag"
  }
},
{
  "model": "auth.permission",
  "pk": 253,
  "fields": {
    "name": "Can change tag",
    "content_type": 64,
    "codename": "change_tag"
  }
},
{
  "model": "auth.permission",
  "pk": 254,
  "fields": {
    "name": "Can delete tag",
    "content_type": 64,
    "codename": "delete_tag"
  }
},
{
  "model": "auth.permission",
  "pk": 255,
  "fields": {
    "name": "Can view tag",
    "content_type": 64,
    "codename": "view_tag"
  }
},
{
  "model": "auth.permission",
  "pk": 256,
  "fields": {
    "name": "Can add tagged item",
    "content_type": 65,
    "codename": "add_taggeditem"
  }
},
{
  "model": "auth.permission",
  "pk": 257,
  "fields": {
    "name": "Can change tagged item",
    "content_type": 65,
    "codename": "change_taggeditem"
  }
},
{
  "model": "auth.permission",
  "pk": 258,
  "fields": {
    "name": "Can delete tagged item",
    "content_type": 65,
    "codename": "delete_taggeditem"
  }
},
{
  "model": "auth.permission",
  "pk": 259,
  "fields": {
    "name": "Can view tagged item",
    "content_type": 65,
    "codename": "view_taggeditem"
  }
},
{
  "model": "auth.permission",
  "pk": 260,
  "fields": {
    "name": "Can add log entry",
    "content_type": 66,
    "codename": "add_logentry"
  }
},
{
  "model": "auth.permission",
  "pk": 261,
  "fields": {
    "name": "Can change log entry",
    "content_type": 66,
    "codename": "change_logentry"
  }
},
{
  "model": "auth.permission",
  "pk": 262,
  "fields": {
    "name": "Can delete log entry",
    "content_type": 66,
    "codename": "delete_logentry"
  }
},
{
  "model": "auth.permission",
  "pk": 263,
  "fields": {
    "name": "Can view log entry",
    "content_type": 66,
    "codename": "view_logentry"
  }
},
{
  "model": "auth.permission",
  "pk": 264,
  "fields": {
    "name": "Can add permission",
    "content_type": 67,
    "codename": "add_permission"
  }
},
{
  "model": "auth.permission",
  "pk": 265,
  "fields": {
    "name": "Can change permission",
    "content_type": 67,
    "codename": "change_permission"
  }
},
{
  "model": "auth.permission",
  "pk": 266,
  "fields": {
    "name": "Can delete permission",
    "content_type": 67,
    "codename": "delete_permission"
  }
},
{
  "model": "auth.permission",
  "pk": 267,
  "fields": {
    "name": "Can view permission",
    "content_type": 67,
    "codename": "view_permission"
  }
},
{
  "model": "auth.permission",
  "pk": 268,
  "fields": {
    "name": "Can add group",
    "content_type": 68,
    "codename": "add_group"
  }
},
{
  "model": "auth.permission",
  "pk": 269,
  "fields": {
    "name": "Can change group",
    "content_type": 68,
    "codename": "change_group"
  }
},
{
  "model": "auth.permission",
  "pk": 270,
  "fields": {
    "name": "Can delete group",
    "content_type": 68,
    "codename": "delete_group"
  }
},
{
  "model": "auth.permission",
  "pk": 271,
  "fields": {
    "name": "Can view group",
    "content_type": 68,
    "codename": "view_group"
  }
},
{
  "model": "auth.permission",
  "pk": 272,
  "fields": {
    "name": "Can add user",
    "content_type": 69,
    "codename": "add_user"
  }
},
{
  "model": "auth.permission",
  "pk": 273,
  "fields": {
    "name": "Can change user",
    "content_type": 69,
    "codename": "change_user"
  }
},
{
  "model": "auth.permission",
  "pk": 274,
  "fields": {
    "name": "Can delete user",
    "content_type": 69,
    "codename": "delete_user"
  }
},
{
  "model": "auth.permission",
  "pk": 275,
  "fields": {
    "name": "Can view user",
    "content_type": 69,
    "codename": "view_user"
  }
},
{
  "model": "auth.permission",
  "pk": 276,
  "fields": {
    "name": "Can add content type",
    "content_type": 70,
    "codename": "add_contenttype"
  }
},
{
  "model": "auth.permission",
  "pk": 277,
  "fields": {
    "name": "Can change content type",
    "content_type": 70,
    "codename": "change_contenttype"
  }
},
{
  "model": "auth.permission",
  "pk": 278,
  "fields": {
    "name": "Can delete content type",
    "content_type": 70,
    "codename": "delete_contenttype"
  }
},
{
  "model": "auth.permission",
  "pk": 279,
  "fields": {
    "name": "Can view content type",
    "content_type": 70,
    "codename": "view_contenttype"
  }
},
{
  "model": "auth.permission",
  "pk": 280,
  "fields": {
    "name": "Can add session",
    "content_type": 71,
    "codename": "add_session"
  }
},
{
  "model": "auth.permission",
  "pk": 281,
  "fields": {
    "name": "Can change session",
    "content_type": 71,
    "codename": "change_session"
  }
},
{
  "model": "auth.permission",
  "pk": 282,
  "fields": {
    "name": "Can delete session",
    "content_type": 71,
    "codename": "delete_session"
  }
},
{
  "model": "auth.permission",
  "pk": 283,
  "fields": {
    "name": "Can view session",
    "content_type": 71,
    "codename": "view_session"
  }
},
{
  "model": "auth.permission",
  "pk": 284,
  "fields": {
    "name": "Can add search promotion",
    "content_type": 72,
    "codename": "add_searchpromotion"
  }
},
{
  "model": "auth.permission",
  "pk": 285,
  "fields": {
    "name": "Can change search promotion",
    "content_type": 72,
    "codename": "change_searchpromotion"
  }
},
{
  "model": "auth.permission",
  "pk": 286,
  "fields": {
    "name": "Can delete search promotion",
    "content_type": 72,
    "codename": "delete_searchpromotion"
  }
},
{
  "model": "auth.permission",
  "pk": 287,
  "fields": {
    "name": "Can view search promotion",
    "content_type": 72,
    "codename": "view_searchpromotion"
  }
},
{
  "model": "auth.permission",
  "pk": 288,
  "fields": {
    "name": "Can add header settings",
    "content_type": 73,
    "codename": "add_headersettings"
  }
},
{
  "model": "auth.permission",
  "pk": 289,
  "fields": {
    "name": "Can change header settings",
    "content_type": 73,
    "codename": "change_headersettings"
  }
},
{
  "model": "auth.permission",
  "pk": 290,
  "fields": {
    "name": "Can delete header settings",
    "content_type": 73,
    "codename": "delete_headersettings"
  }
},
{
  "model": "auth.permission",
  "pk": 291,
  "fields": {
    "name": "Can view header settings",
    "content_type": 73,
    "codename": "view_headersettings"
  }
},
{
  "model": "auth.permission",
  "pk": 292,
  "fields": {
    "name": "Can add navigation link",
    "content_type": 74,
    "codename": "add_navigationlink"
  }
},
{
  "model": "auth.permission",
  "pk": 293,
  "fields": {
    "name": "Can change navigation link",
    "content_type": 74,
    "codename": "change_navigationlink"
  }
},
{
  "model": "auth.permission",
  "pk": 294,
  "fields": {
    "name": "Can delete navigation link",
    "content_type": 74,
    "codename": "delete_navigationlink"
  }
},
{
  "model": "auth.permission",
  "pk": 295,
  "fields": {
    "name": "Can view navigation link",
    "content_type": 74,
    "codename": "view_navigationlink"
  }
},
{
  "model": "auth.permission",
  "pk": 296,
  "fields": {
    "name": "Can add footer links",
    "content_type": 75,
    "codename": "add_footerlinks"
  }
},
{
  "model": "auth.permission",
  "pk": 297,
  "fields": {
    "name": "Can change footer links",
    "content_type": 75,
    "codename": "change_footerlinks"
  }
},
{
  "model": "auth.permission",
  "pk": 298,
  "fields": {
    "name": "Can delete footer links",
    "content_type": 75,
    "codename": "delete_footerlinks"
  }
},
{
  "model": "auth.permission",
  "pk": 299,
  "fields": {
    "name": "Can view footer links",
    "content_type": 75,
    "codename": "view_footerlinks"
  }
},
{
  "model": "auth.permission",
  "pk": 300,
  "fields": {
    "name": "Can add footer settings",
    "content_type": 76,
    "codename": "add_footersettings"
  }
},
{
  "model": "auth.permission",
  "pk": 301,
  "fields": {
    "name": "Can change footer settings",
    "content_type": 76,
    "codename": "change_footersettings"
  }
},
{
  "model": "auth.permission",
  "pk": 302,
  "fields": {
    "name": "Can delete footer settings",
    "content_type": 76,
    "codename": "delete_footersettings"
  }
},
{
  "model": "auth.permission",
  "pk": 303,
  "fields": {
    "name": "Can view footer settings",
    "content_type": 76,
    "codename": "view_footersettings"
  }
},
{
  "model": "auth.group",
  "pk": 1,
  "fields": {
    "name": "Moderators",
    "permissions": [
      9,
      5,
      6,
      7,
      1,
      2,
      3
    ]
  }
},
{
  "model": "auth.group",
  "pk": 2,
  "fields": {
    "name": "Editors",
    "permissions": [
      9,
      5,
      6,
      7,
      1,
      2,
      3
    ]
  }
},
{
  "model": "auth.user",
  "pk": 1,
  "fields": {
    "password": "pbkdf2_sha256$260000$0vQh1cf48SjYEnEtN8vJcw$Z3kNs5fqIWJHlPVBzxktQQbrHqC0k1ymVWHUI0xXcAA=",
    "last_login": "2022-05-05T10:55:15.415Z",
    "is_superuser": true,
    "username": "admin",
    "first_name": "",
    "last_name": "",
    "email": "admin@admin.invalid",
    "is_staff": true,
    "is_active": true,
    "date_joined": "2022-05-05T10:54:50.853Z",
    "groups": [],
    "user_permissions": []
  }
},
{
  "model": "contenttypes.contenttype",
  "pk": 1,
  "fields": {
    "app_label": "wagtailcore",
    "model": "page"
  }
},
{
  "model": "contenttypes.contenttype",
  "pk": 2,
  "fields": {
    "app_label": "wagtailcore",
    "model": "groupapprovaltask"
  }
},
{
  "model": "contenttypes.contenttype",
  "pk": 3,
  "fields": {
    "app_label": "wagtailimages",
    "model": "image"
  }
},
{
  "model": "contenttypes.contenttype",
  "pk": 4,
  "fields": {
    "app_label": "home",
    "model": "homepage"
  }
},
{
  "model": "contenttypes.contenttype",
  "pk": 5,
  "fields": {
    "app_label": "wagtaildocs",
    "model": "document"
  }
},
{
  "model": "contenttypes.contenttype",
  "pk": 6,
  "fields": {
    "app_label": "wagtailadmin",
    "model": "admin"
  }
},
{
  "model": "contenttypes.contenttype",
  "pk": 7,
  "fields": {
    "app_label": "categories",
    "model": "category"
  }
},
{
  "model": "contenttypes.contenttype",
  "pk": 8,
  "fields": {
    "app_label": "categories",
    "model": "categorypage"
  }
},
{
  "model": "contenttypes.contenttype",
  "pk": 9,
  "fields": {
    "app_label": "categories",
    "model": "publicationtype"
  }
},
{
  "model": "contenttypes.contenttype",
  "pk": 10,
  "fields": {
    "app_label": "categories",
    "model": "region"
  }
},
{
  "model": "contenttypes.contenttype",
  "pk": 11,
  "fields": {
    "app_label": "categories",
    "model": "setting"
  }
},
{
  "model": "contenttypes.contenttype",
  "pk": 12,
  "fields": {
    "app_label": "categories",
    "model": "categorypagecategoryrelationship"
  }
},
{
  "model": "contenttypes.contenttype",
  "pk": 13,
  "fields": {
    "app_label": "posts",
    "model": "post"
  }
},
{
  "model": "contenttypes.contenttype",
  "pk": 14,
  "fields": {
    "app_label": "posts",
    "model": "postindexpage"
  }
},
{
  "model": "contenttypes.contenttype",
  "pk": 15,
  "fields": {
    "app_label": "blogs",
    "model": "blog"
  }
},
{
  "model": "contenttypes.contenttype",
  "pk": 16,
  "fields": {
    "app_label": "blogs",
    "model": "blogindexpage"
  }
},
{
  "model": "contenttypes.contenttype",
  "pk": 17,
  "fields": {
    "app_label": "pages",
    "model": "basepage"
  }
},
{
  "model": "contenttypes.contenttype",
  "pk": 18,
  "fields": {
    "app_label": "pages",
    "model": "componentspage"
  }
},
{
  "model": "contenttypes.contenttype",
  "pk": 19,
  "fields": {
    "app_label": "pages",
    "model": "holdingpage"
  }
},
{
  "model": "contenttypes.contenttype",
  "pk": 20,
  "fields": {
    "app_label": "pages",
    "model": "landingpage"
  }
},
{
  "model": "contenttypes.contenttype",
  "pk": 21,
  "fields": {
    "app_label": "publications",
    "model": "publication"
  }
},
{
  "model": "contenttypes.contenttype",
  "pk": 22,
  "fields": {
    "app_label": "publications",
    "model": "publicationindexpage"
  }
},
{
  "model": "contenttypes.contenttype",
  "pk": 23,
  "fields": {
    "app_label": "publications",
    "model": "publicationpublicationtyperelationship"
  }
},
{
  "model": "contenttypes.contenttype",
  "pk": 24,
  "fields": {
    "app_label": "publications",
    "model": "toc"
  }
},
{
  "model": "contenttypes.contenttype",
  "pk": 25,
  "fields": {
    "app_label": "core",
    "model": "coresettings"
  }
},
{
  "model": "contenttypes.contenttype",
  "pk": 26,
  "fields": {
    "app_label": "core",
    "model": "extendedmainmenuitem"
  }
},
{
  "model": "contenttypes.contenttype",
  "pk": 27,
  "fields": {
    "app_label": "core",
    "model": "imageimportbridge"
  }
},
{
  "model": "contenttypes.contenttype",
  "pk": 28,
  "fields": {
    "app_label": "core",
    "model": "docimportbridge"
  }
},
{
  "model": "contenttypes.contenttype",
  "pk": 29,
  "fields": {
    "app_label": "core",
    "model": "parselist"
  }
},
{
  "model": "contenttypes.contenttype",
  "pk": 30,
  "fields": {
    "app_label": "wagtailforms",
    "model": "formsubmission"
  }
},
{
  "model": "contenttypes.contenttype",
  "pk": 31,
  "fields": {
    "app_label": "wagtailredirects",
    "model": "redirect"
  }
},
{
  "model": "contenttypes.contenttype",
  "pk": 32,
  "fields": {
    "app_label": "wagtailembeds",
    "model": "embed"
  }
},
{
  "model": "contenttypes.contenttype",
  "pk": 33,
  "fields": {
    "app_label": "wagtailusers",
    "model": "userprofile"
  }
},
{
  "model": "contenttypes.contenttype",
  "pk": 34,
  "fields": {
    "app_label": "wagtaildocs",
    "model": "uploadeddocument"
  }
},
{
  "model": "contenttypes.contenttype",
  "pk": 35,
  "fields": {
    "app_label": "wagtailimages",
    "model": "rendition"
  }
},
{
  "model": "contenttypes.contenttype",
  "pk": 36,
  "fields": {
    "app_label": "wagtailimages",
    "model": "uploadedimage"
  }
},
{
  "model": "contenttypes.contenttype",
  "pk": 37,
  "fields": {
    "app_label": "wagtailsearch",
    "model": "query"
  }
},
{
  "model": "contenttypes.contenttype",
  "pk": 38,
  "fields": {
    "app_label": "wagtailsearch",
    "model": "querydailyhits"
  }
},
{
  "model": "contenttypes.contenttype",
  "pk": 39,
  "fields": {
    "app_label": "wagtailsearch",
    "model": "indexentry"
  }
},
{
  "model": "contenttypes.contenttype",
  "pk": 40,
  "fields": {
    "app_label": "wagtailsearch",
    "model": "sqliteftsindexentry"
  }
},
{
  "model": "contenttypes.contenttype",
  "pk": 41,
  "fields": {
    "app_label": "wagtailcore",
    "model": "grouppagepermission"
  }
},
{
  "model": "contenttypes.contenttype",
  "pk": 42,
  "fields": {
    "app_label": "wagtailcore",
    "model": "pagerevision"
  }
},
{
  "model": "contenttypes.contenttype",
  "pk": 43,
  "fields": {
    "app_label": "wagtailcore",
    "model": "pageviewrestriction"
  }
},
{
  "model": "contenttypes.contenttype",
  "pk": 44,
  "fields": {
    "app_label": "wagtailcore",
    "model": "site"
  }
},
{
  "model": "contenttypes.contenttype",
  "pk": 45,
  "fields": {
    "app_label": "wagtailcore",
    "model": "collection"
  }
},
{
  "model": "contenttypes.contenttype",
  "pk": 46,
  "fields": {
    "app_label": "wagtailcore",
    "model": "groupcollectionpermission"
  }
},
{
  "model": "contenttypes.contenttype",
  "pk": 47,
  "fields": {
    "app_label": "wagtailcore",
    "model": "collectionviewrestriction"
  }
},
{
  "model": "contenttypes.contenttype",
  "pk": 48,
  "fields": {
    "app_label": "wagtailcore",
    "model": "task"
  }
},
{
  "model": "contenttypes.contenttype",
  "pk": 49,
  "fields": {
    "app_label": "wagtailcore",
    "model": "taskstate"
  }
},
{
  "model": "contenttypes.contenttype",
  "pk": 50,
  "fields": {
    "app_label": "wagtailcore",
    "model": "workflow"
  }
},
{
  "model": "contenttypes.contenttype",
  "pk": 51,
  "fields": {
    "app_label": "wagtailcore",
    "model": "workflowstate"
  }
},
{
  "model": "contenttypes.contenttype",
  "pk": 52,
  "fields": {
    "app_label": "wagtailcore",
    "model": "workflowpage"
  }
},
{
  "model": "contenttypes.contenttype",
  "pk": 53,
  "fields": {
    "app_label": "wagtailcore",
    "model": "workflowtask"
  }
},
{
  "model": "contenttypes.contenttype",
  "pk": 54,
  "fields": {
    "app_label": "wagtailcore",
    "model": "pagelogentry"
  }
},
{
  "model": "contenttypes.contenttype",
  "pk": 55,
  "fields": {
    "app_label": "wagtailcore",
    "model": "locale"
  }
},
{
  "model": "contenttypes.contenttype",
  "pk": 56,
  "fields": {
    "app_label": "wagtailcore",
    "model": "comment"
  }
},
{
  "model": "contenttypes.contenttype",
  "pk": 57,
  "fields": {
    "app_label": "wagtailcore",
    "model": "commentreply"
  }
},
{
  "model": "contenttypes.contenttype",
  "pk": 58,
  "fields": {
    "app_label": "wagtailcore",
    "model": "pagesubscription"
  }
},
{
  "model": "contenttypes.contenttype",
  "pk": 59,
  "fields": {
    "app_label": "wagtailcore",
    "model": "modellogentry"
  }
},
{
  "model": "contenttypes.contenttype",
  "pk": 60,
  "fields": {
    "app_label": "wagtailmenus",
    "model": "flatmenu"
  }
},
{
  "model": "contenttypes.contenttype",
  "pk": 61,
  "fields": {
    "app_label": "wagtailmenus",
    "model": "flatmenuitem"
  }
},
{
  "model": "contenttypes.contenttype",
  "pk": 62,
  "fields": {
    "app_label": "wagtailmenus",
    "model": "mainmenu"
  }
},
{
  "model": "contenttypes.contenttype",
  "pk": 63,
  "fields": {
    "app_label": "wagtailmenus",
    "model": "mainmenuitem"
  }
},
{
  "model": "contenttypes.contenttype",
  "pk": 64,
  "fields": {
    "app_label": "taggit",
    "model": "tag"
  }
},
{
  "model": "contenttypes.contenttype",
  "pk": 65,
  "fields": {
    "app_label": "taggit",
    "model": "taggeditem"
  }
},
{
  "model": "contenttypes.contenttype",
  "pk": 66,
  "fields": {
    "app_label": "admin",
    "model": "logentry"
  }
},
{
  "model": "contenttypes.contenttype",
  "pk": 67,
  "fields": {
    "app_label": "auth",
    "model": "permission"
  }
},
{
  "model": "contenttypes.contenttype",
  "pk": 68,
  "fields": {
    "app_label": "auth",
    "model": "group"
  }
},
{
  "model": "contenttypes.contenttype",
  "pk": 69,
  "fields": {
    "app_label": "auth",
    "model": "user"
  }
},
{
  "model": "contenttypes.contenttype",
  "pk": 70,
  "fields": {
    "app_label": "contenttypes",
    "model": "contenttype"
  }
},
{
  "model": "contenttypes.contenttype",
  "pk": 71,
  "fields": {
    "app_label": "sessions",
    "model": "session"
  }
},
{
  "model": "contenttypes.contenttype",
  "pk": 72,
  "fields": {
    "app_label": "wagtailsearchpromotions",
    "model": "searchpromotion"
  }
},
{
  "model": "contenttypes.contenttype",
  "pk": 73,
  "fields": {
    "app_label": "wagtailnhsukfrontendsettings",
    "model": "headersettings"
  }
},
{
  "model": "contenttypes.contenttype",
  "pk": 74,
  "fields": {
    "app_label": "wagtailnhsukfrontendsettings",
    "model": "navigationlink"
  }
},
{
  "model": "contenttypes.contenttype",
  "pk": 75,
  "fields": {
    "app_label": "wagtailnhsukfrontendsettings",
    "model": "footerlinks"
  }
},
{
  "model": "contenttypes.contenttype",
  "pk": 76,
  "fields": {
    "app_label": "wagtailnhsukfrontendsettings",
    "model": "footersettings"
  }
},
{
  "model": "sessions.session",
  "pk": "g6tgimaz3onyo3aj47ptt2rb083hzhhi",
  "fields": {
    "session_data": ".eJxVjEEOwiAURO_C2pDSItAu3XsG8oHBogZMaRON8e62SRea2c28eW9maZlHu1RMNgU2MMEOv50jf0PehnClfCnclzxPyfEN4fta-bkE3E87-ycYqY7rmwwAr-Ua1R2V7gyMlIZa5SRi63oZfd-GBsJ1wlMjECGhOh8jaR3iJq2oNZVs8Xyk6cWG5vMFn5k_4w:1nmZ8d:vdBO6dl5ERbJwzV5Ut4tnEXvgTJFJ9Ci3ldXvq4t8DA",
    "expire_date": "2022-05-19T10:55:15.430Z"
  }
}
]
