[
{
  "model": "categories.categorypagecategoryrelationship",
  "pk": 1,
  "fields": {
    "category_page": 11,
    "category": 1
  }
},
{
  "model": "categories.categorypagecategoryrelationship",
  "pk": 2,
  "fields": {
    "category_page": 12,
    "category": 1
  }
},
{
  "model": "categories.categorypagecategoryrelationship",
  "pk": 3,
  "fields": {
    "category_page": 5,
    "category": 1
  }
},
{
  "model": "categories.categorypagecategoryrelationship",
  "pk": 4,
  "fields": {
    "category_page": 6,
    "category": 2
  }
},
{
  "model": "categories.categorypagecategoryrelationship",
  "pk": 5,
  "fields": {
    "category_page": 14,
    "category": 1
  }
},
{
  "model": "categories.categorypagecategoryrelationship",
  "pk": 6,
  "fields": {
    "category_page": 15,
    "category": 2
  }
},
{
  "model": "categories.category",
  "pk": 1,
  "fields": {
    "name": "Category One",
    "slug": "category-one",
    "description": "Category one description",
    "wp_id": 0,
    "source": "root"
  }
},
{
  "model": "categories.category",
  "pk": 2,
  "fields": {
    "name": "Category Two",
    "slug": "category-two",
    "description": "category two description",
    "wp_id": 0,
    "source": "root"
  }
},
{
  "model": "categories.publicationtype",
  "pk": 1,
  "fields": {
    "name": "Publication Type One",
    "slug": "publication-type-one",
    "description": "Publication type one description",
    "wp_id": 0
  }
},
{
  "model": "categories.publicationtype",
  "pk": 2,
  "fields": {
    "name": "Publication Type Two",
    "slug": "publication-type-two",
    "description": "Publication type two description",
    "wp_id": 0
  }
},
{
  "model": "categories.setting",
  "pk": 1,
  "fields": {
    "name": "Setting One",
    "slug": "setting-one",
    "description": "Setting one description",
    "wp_id": 0
  }
},
{
  "model": "categories.setting",
  "pk": 2,
  "fields": {
    "name": "Setting Two",
    "slug": "setting-two",
    "description": "Setting two description",
    "wp_id": 0
  }
},
{
  "model": "categories.region",
  "pk": 1,
  "fields": {
    "name": "Region One",
    "slug": "region-one",
    "description": "Region one description",
    "wp_id": 0
  }
},
{
  "model": "categories.region",
  "pk": 2,
  "fields": {
    "name": "Region Two",
    "slug": "region-two",
    "description": "Region two description",
    "wp_id": 0
  }
},
{
  "model": "publications.publicationpublicationtyperelationship",
  "pk": 1,
  "fields": {
    "publication": 14,
    "publication_type": 1
  }
},
{
  "model": "publications.publicationpublicationtyperelationship",
  "pk": 2,
  "fields": {
    "publication": 15,
    "publication_type": 2
  }
},
{
  "model": "wagtailmenus.flatmenu",
  "pk": 1,
  "fields": {
    "site": 2,
    "title": "Footer (Upper)",
    "handle": "footer-upper",
    "heading": "",
    "max_levels": 1
  }
},
{
  "model": "wagtailmenus.flatmenu",
  "pk": 2,
  "fields": {
    "site": 2,
    "title": "Footer (Lower)",
    "handle": "footer-lower",
    "heading": "",
    "max_levels": 1
  }
},
{
  "model": "wagtailmenus.flatmenuitem",
  "pk": 1,
  "fields": {
      "sort_order": 0,
      "link_page": 10,
      "link_url": null,
      "url_append": "",
      "handle": "",
      "link_text": "Link Internal",
      "allow_subnav": false,
      "menu": 1
  }
},
{
  "model": "wagtailmenus.flatmenuitem",
  "pk": 2,
  "fields": {
      "sort_order": 1,
      "link_page": null,
      "link_url": "http://www.example.com",
      "url_append": "",
      "handle": "",
      "link_text": "Link External",
      "allow_subnav": false,
      "menu": 1
  }
},
{
  "model": "wagtailmenus.flatmenuitem",
  "pk": 3,
  "fields": {
      "sort_order": 0,
      "link_page": 10,
      "link_url": null,
      "url_append": "",
      "handle": "",
      "link_text": "Link Internal",
      "allow_subnav": false,
      "menu": 2
  }
},
{
  "model": "wagtailmenus.flatmenuitem",
  "pk": 4,
  "fields": {
      "sort_order": 1,
      "link_page": null,
      "link_url": "http://www.example.com",
      "url_append": "",
      "handle": "",
      "link_text": "Link External",
      "allow_subnav": false,
      "menu": 2
  }
},
{
  "model": "wagtailimages.rendition",
  "pk": 1,
  "fields": {
    "filter_spec": "width-1000",
    "file": "images/homepage-hero-image.original.width-1000_uIj2HBX.jpg",
    "width": 1000,
    "height": 224,
    "focal_point_key": "",
    "image": 2
  }
},
{
  "model": "wagtailimages.rendition",
  "pk": 2,
  "fields": {
    "filter_spec": "width-320",
    "file": "images/homepage-hero-image.original.width-320_sOx9PIy.jpg",
    "width": 320,
    "height": 71,
    "focal_point_key": "",
    "image": 2
  }
},
{
  "model": "wagtailimages.rendition",
  "pk": 3,
  "fields": {
    "filter_spec": "width-510",
    "file": "images/homepage-hero-image.original.width-510_IHvdZ3D.jpg",
    "width": 510,
    "height": 114,
    "focal_point_key": "",
    "image": 2
  }
},
{
  "model": "wagtailimages.rendition",
  "pk": 4,
  "fields": {
    "filter_spec": "width-640",
    "file": "images/homepage-hero-image.original.width-640_Qvg0LRz.jpg",
    "width": 640,
    "height": 143,
    "focal_point_key": "",
    "image": 2
  }
},
{
  "model": "wagtailimages.rendition",
  "pk": 5,
  "fields": {
    "filter_spec": "width-767",
    "file": "images/homepage-hero-image.original.width-767_n7EonUe.jpg",
    "width": 767,
    "height": 171,
    "focal_point_key": "",
    "image": 2
  }
},
{
  "model": "wagtailimages.rendition",
  "pk": 6,
  "fields": {
    "filter_spec": "width-1019",
    "file": "images/homepage-hero-image.original.width-1019_SFsF95t.jpg",
    "width": 1019,
    "height": 228,
    "focal_point_key": "",
    "image": 2
  }
},
{
  "model": "wagtailimages.rendition",
  "pk": 7,
  "fields": {
    "filter_spec": "width-1125",
    "file": "images/homepage-hero-image.original.width-1125_ZcLMdfR.jpg",
    "width": 1125,
    "height": 252,
    "focal_point_key": "",
    "image": 2
  }
},
{
  "model": "wagtailimages.rendition",
  "pk": 8,
  "fields": {
    "filter_spec": "width-1534",
    "file": "images/homepage-hero-image.original.width-1534_Mmrx4D8.jpg",
    "width": 1450,
    "height": 325,
    "focal_point_key": "",
    "image": 2
  }
},
{
  "model": "wagtailimages.rendition",
  "pk": 9,
  "fields": {
    "filter_spec": "max-165x165",
    "file": "images/homepage-hero-image.original.max-165x165_Luu2TqQ.jpg",
    "width": 165,
    "height": 36,
    "focal_point_key": "",
    "image": 2
  }
},
{
  "model": "wagtailcore.site",
  "fields": {
    "hostname": "localhost",
    "port": 80,
    "site_name": "",
    "root_page": 3,
    "is_default_site": true
  }
},
{
  "model": "wagtailcore.collection",
  "pk": 1,
  "fields": {
    "path": "0001",
    "depth": 1,
    "numchild": 0,
    "name": "Root"
  }
},
{
  "model": "wagtailcore.locale",
  "pk": 1,
  "fields": {
    "language_code": "en"
  }
},
{
  "model": "wagtailcore.workflowpage",
  "pk": 1,
  "fields": {
    "workflow": 1
  }
},
{
  "model": "wagtailcore.workflowtask",
  "pk": 1,
  "fields": {
    "sort_order": 0,
    "workflow": 1,
    "task": 1
  }
},
{
  "model": "wagtailcore.task",
  "pk": 1,
  "fields": {
    "name": "Moderators approval",
    "content_type": [
      "wagtailcore",
      "groupapprovaltask"
    ],
    "active": true
  }
},
{
  "model": "wagtailcore.workflow",
  "pk": 1,
  "fields": {
    "name": "Moderators approval",
    "active": true
  }
},
{
  "model": "wagtailmenus.mainmenuitem",
  "pk": 2,
  "fields": {
    "sort_order": 0,
    "link_page": 10,
    "link_url": null,
    "url_append": "",
    "handle": "",
    "link_text": "Posts",
    "allow_subnav": true,
    "menu": 1
  }
},
{
  "model": "wagtailmenus.mainmenu",
  "pk": 1,
  "fields": {
    "site": [
      "localhost",
      80
    ],
    "max_levels": 3
  }
},
{
  "model": "auth.group",
  "fields": {
    "name": "Moderators",
    "permissions": [
      [
        "access_admin",
        "wagtailadmin",
        "admin"
      ],
      [
        "add_document",
        "wagtaildocs",
        "document"
      ],
      [
        "change_document",
        "wagtaildocs",
        "document"
      ],
      [
        "delete_document",
        "wagtaildocs",
        "document"
      ],
      [
        "add_image",
        "wagtailimages",
        "image"
      ],
      [
        "change_image",
        "wagtailimages",
        "image"
      ],
      [
        "delete_image",
        "wagtailimages",
        "image"
      ]
    ]
  }
},
{
  "model": "auth.group",
  "fields": {
    "name": "Editors",
    "permissions": [
      [
        "access_admin",
        "wagtailadmin",
        "admin"
      ],
      [
        "add_document",
        "wagtaildocs",
        "document"
      ],
      [
        "change_document",
        "wagtaildocs",
        "document"
      ],
      [
        "delete_document",
        "wagtaildocs",
        "document"
      ],
      [
        "add_image",
        "wagtailimages",
        "image"
      ],
      [
        "change_image",
        "wagtailimages",
        "image"
      ],
      [
        "delete_image",
        "wagtailimages",
        "image"
      ]
    ]
  }
},
{
  "model": "auth.user",
  "fields": {
    "password": "pbkdf2_sha256$216000$lrxNu0P4pjTp$sBNCY+AnUgXcsT94Zg12STCYz4bRJWV+9h5ZYew6Oho=",
    "last_login": "2021-02-08T09:27:46.808Z",
    "is_superuser": true,
    "username": "admin",
    "first_name": "",
    "last_name": "",
    "email": "",
    "is_staff": true,
    "is_active": true,
    "date_joined": "2021-02-04T13:12:49.963Z",
    "groups": [],
    "user_permissions": []
  }
},
{
  "model": "auth.user",
  "fields": {
    "password": "pbkdf2_sha256$216000$GHacsa1DMmyy$+cYpF54kkiHt38yVXku33l4L3TwC7b3ppqJX/ZmLKC0=",
    "last_login": "2021-08-25T08:42:16.095Z",
    "is_superuser": true,
    "username": "nick",
    "first_name": "",
    "last_name": "",
    "email": "nick@dxw.com",
    "is_staff": true,
    "is_active": true,
    "date_joined": "2021-08-25T08:42:11.270Z",
    "groups": [],
    "user_permissions": []
  }
},
{
  "model": "auth.user",
  "fields": {
    "password": "pbkdf2_sha256$216000$GRqQqb3C5phS$DDycBy8z307b4RiAklq6/46F5NbsPznlmD1u4E2KQaI=",
    "last_login": "2021-08-25T15:53:25.147Z",
    "is_superuser": true,
    "username": "admin2",
    "first_name": "",
    "last_name": "",
    "email": "admin2@example.com",
    "is_staff": true,
    "is_active": true,
    "date_joined": "2021-08-25T15:53:01.461Z",
    "groups": [],
    "user_permissions": []
  }
},
{
  "model": "sessions.session",
  "pk": "2rptdmkq0rgji4ttz0ygsauks3525iwx",
  "fields": {
    "session_data": ".eJxVjEsOwiAUAO_C2pACr1Bcuu8ZyPtQqRqalHZlvLtp0oVuZybzVgn3raS95TXNoq7KqcsvI-RnroeQB9b7onmp2zqTPhJ92qbHRfLrdrZ_g4KtHNuOyA4BYABi40RgyoHZhRj81EfT-Z7QZrYQ0IOI58kPFsg47A1JVJ8v3Rc31A:1mIvDR:wDYMlhAjlHn_Alzx-_wDPjIzpfFzjvmx30EsfHMN1e4",
    "expire_date": "2021-09-08T15:53:25.163Z"
  }
},
{
  "model": "sessions.session",
  "pk": "bg9oo4uw07lmst741e1y4th96fn2izou",
  "fields": {
    "session_data": ".eJxVjDsOwjAQRO_iGlmx1xBDSc8ZrP0ZB5AjxUmFuDuJlAK60bw38zYJl7mkpemUBjEX483htyPkp9YNyAPrfbQ81nkayG6K3Wmzt1H0dd3dv4OCrazrzAJH9ECyJu9YJMQQMwV11IkGTydwUc8MASFHHzMQ9-QUfN85JvP5AhgyONw:1mIoUC:7coSns6nlPm5gFxDdrCuOQjDumRe217tRx8qqkJVL0I",
    "expire_date": "2021-09-08T08:42:16.117Z"
  }
},
{
  "model": "wagtailnhsukfrontendsettings.headersettings",
  "pk": 1,
  "fields": {
    "site": [
      "localhost",
      80
    ],
    "service_name": "",
    "service_long_name": false,
    "service_link": null,
    "transactional": false,
    "logo_link": null,
    "logo_aria": null,
    "logo_custom": null,
    "show_search": false,
    "organisation_name": "",
    "organisation_split_name": "",
    "organisation_descriptor": "",
    "organisation_white": false
  }
},
{
  "model": "wagtailcore.pagesubscription",
  "pk": 1,
  "fields": {
    "user": [
      "nick"
    ],
    "page": 3,
    "comment_notifications": false
  }
},
{
  "model": "wagtailcore.pagesubscription",
  "pk": 2,
  "fields": {
    "user": [
      "nick"
    ],
    "page": 17,
    "comment_notifications": false
  }
},
{
  "model": "wagtailcore.pagesubscription",
  "pk": 3,
  "fields": {
    "user": [
      "admin2"
    ],
    "page": 10,
    "comment_notifications": false
  }
},
{
  "model": "wagtailcore.pagesubscription",
  "pk": 4,
  "fields": {
    "user": [
      "admin2"
    ],
    "page": 11,
    "comment_notifications": false
  }
},
{
  "model": "wagtailcore.pagesubscription",
  "pk": 5,
  "fields": {
    "user": [
      "admin2"
    ],
    "page": 12,
    "comment_notifications": false
  }
},
{
  "model": "wagtailcore.groupapprovaltask",
  "pk": 1,
  "fields": {
    "task_ptr": 1,
    "groups": [
      [
        "Moderators"
      ]
    ]
  }
},
{
  "model": "wagtailcore.grouppagepermission",
  "pk": 1,
  "fields": {
    "group": [
      "Moderators"
    ],
    "page": 1,
    "permission_type": "add"
  }
},
{
  "model": "wagtailcore.grouppagepermission",
  "pk": 2,
  "fields": {
    "group": [
      "Moderators"
    ],
    "page": 1,
    "permission_type": "edit"
  }
},
{
  "model": "wagtailcore.grouppagepermission",
  "pk": 3,
  "fields": {
    "group": [
      "Moderators"
    ],
    "page": 1,
    "permission_type": "publish"
  }
},
{
  "model": "wagtailcore.grouppagepermission",
  "pk": 4,
  "fields": {
    "group": [
      "Editors"
    ],
    "page": 1,
    "permission_type": "add"
  }
},
{
  "model": "wagtailcore.grouppagepermission",
  "pk": 5,
  "fields": {
    "group": [
      "Editors"
    ],
    "page": 1,
    "permission_type": "edit"
  }
},
{
  "model": "wagtailcore.grouppagepermission",
  "pk": 6,
  "fields": {
    "group": [
      "Moderators"
    ],
    "page": 1,
    "permission_type": "lock"
  }
},
{
  "model": "wagtailcore.grouppagepermission",
  "pk": 7,
  "fields": {
    "group": [
      "Moderators"
    ],
    "page": 1,
    "permission_type": "unlock"
  }
},
{
  "model": "wagtailcore.pagerevision",
  "pk": 6,
  "fields": {
    "page": 4,
    "submitted_for_moderation": false,
    "created_at": "2021-02-04T17:23:10.962Z",
    "user": [
      "admin"
    ],
    "content_json": "{\"pk\": 4, \"path\": \"000100010001\", \"depth\": 3, \"numchild\": 0, \"title\": \"Blog Index Page\", \"draft_title\": \"Blog Index Page\", \"slug\": \"blog-index-page\", \"content_type\": 16, \"live\": true, \"has_unpublished_changes\": false, \"url_path\": \"/home/blog-index-page/\", \"owner\": 1, \"seo_title\": \"\", \"show_in_menus\": false, \"search_description\": \"\", \"go_live_at\": null, \"expire_at\": null, \"expired\": false, \"locked\": false, \"locked_at\": null, \"locked_by\": null, \"first_published_at\": null, \"last_published_at\": null, \"latest_revision_created_at\": null, \"live_revision\": null, \"body\": \"<p>Blog Index Content</p>\"}",
    "approved_go_live_at": null
  }
},
{
  "model": "wagtailcore.pagerevision",
  "pk": 8,
  "fields": {
    "page": 5,
    "submitted_for_moderation": false,
    "created_at": "2021-02-04T17:26:07.168Z",
    "user": [
      "admin"
    ],
    "content_json": "{\"pk\": 5, \"path\": \"0001000100010001\", \"depth\": 4, \"numchild\": 0, \"title\": \"Blog Post One\", \"draft_title\": \"Blog Post One\", \"slug\": \"blog-post-one\", \"content_type\": 17, \"live\": true, \"has_unpublished_changes\": false, \"url_path\": \"/home/blog-index-page/blog-post-one/\", \"owner\": 1, \"seo_title\": \"\", \"show_in_menus\": false, \"search_description\": \"\", \"go_live_at\": null, \"expire_at\": null, \"expired\": false, \"locked\": false, \"locked_at\": null, \"locked_by\": null, \"first_published_at\": \"2021-02-04T17:25:17.986Z\", \"last_published_at\": \"2021-02-04T17:25:17.986Z\", \"latest_revision_created_at\": \"2021-02-04T17:25:17.941Z\", \"live_revision\": 7, \"body\": \"<p>Blog Post Content</p><p>Lorem ipsum dolor sit amet, consectetur adipiscing elit. Vestibulum id ligula porta felis euismod semper. Duis mollis, est non commodo luctus, nisi erat porttitor ligula, eget lacinia odio sem nec elit. Praesent commodo cursus magna, vel scelerisque nisl consectetur et.</p>\", \"wp_id\": 0, \"source\": \"root\", \"wp_slug\": \"\", \"wp_link\": \"\", \"author\": \"\", \"categorypage_category_relationship\": [{\"pk\": 1, \"blog\": 5, \"category\": 1}]}",
    "approved_go_live_at": null
  }
},
{
  "model": "wagtailcore.pagerevision",
  "pk": 9,
  "fields": {
    "page": 6,
    "submitted_for_moderation": false,
    "created_at": "2021-02-04T17:26:56.396Z",
    "user": [
      "admin"
    ],
    "content_json": "{\"pk\": 6, \"path\": \"0001000100010002\", \"depth\": 4, \"numchild\": 0, \"title\": \"Blog Post Two\", \"draft_title\": \"Blog Post Two\", \"slug\": \"blog-post-two\", \"content_type\": 17, \"live\": true, \"has_unpublished_changes\": false, \"url_path\": \"/home/blog-index-page/blog-post-two/\", \"owner\": 1, \"seo_title\": \"\", \"show_in_menus\": false, \"search_description\": \"\", \"go_live_at\": null, \"expire_at\": null, \"expired\": false, \"locked\": false, \"locked_at\": null, \"locked_by\": null, \"first_published_at\": null, \"last_published_at\": null, \"latest_revision_created_at\": null, \"live_revision\": null, \"body\": \"<p>Blog Post Two</p><p>Lorem ipsum dolor sit amet, consectetur adipiscing elit. Vestibulum id ligula porta felis euismod semper. Duis mollis, est non commodo luctus, nisi erat porttitor ligula, eget lacinia odio sem nec elit. Praesent commodo cursus magna, vel scelerisque nisl consectetur et.</p><p>Lorem ipsum dolor sit amet, consectetur adipiscing elit. Vestibulum id ligula porta felis euismod semper. Duis mollis, est non commodo luctus, nisi erat porttitor ligula, eget lacinia odio sem nec elit. Praesent commodo cursus magna, vel scelerisque nisl consectetur et.</p>\", \"wp_id\": 0, \"source\": \"root\", \"wp_slug\": \"\", \"wp_link\": \"\", \"author\": \"\", \"blocategorypage_category_relationship\": [{\"pk\": 2, \"blog\": 6, \"category\": 2}]}",
    "approved_go_live_at": null
  }
},
{
  "model": "wagtailcore.pagerevision",
  "pk": 19,
  "fields": {
    "page": 13,
    "submitted_for_moderation": false,
    "created_at": "2021-02-04T17:47:09.156Z",
    "user": [
      "admin"
    ],
    "content_json": "{\"pk\": 13, \"path\": \"000100010004\", \"depth\": 3, \"numchild\": 0, \"title\": \"Publications Index Page\", \"draft_title\": \"Publications Index Page\", \"slug\": \"publications-index-page\", \"content_type\": 25, \"live\": true, \"has_unpublished_changes\": false, \"url_path\": \"/home/publications-index-page/\", \"owner\": 1, \"seo_title\": \"\", \"show_in_menus\": false, \"search_description\": \"\", \"go_live_at\": null, \"expire_at\": null, \"expired\": false, \"locked\": false, \"locked_at\": null, \"locked_by\": null, \"first_published_at\": null, \"last_published_at\": null, \"latest_revision_created_at\": null, \"live_revision\": null, \"body\": \"<p>Publications index page content</p>\"}",
    "approved_go_live_at": null
  }
},
{
  "model": "wagtailcore.pagerevision",
  "pk": 28,
  "fields": {
    "page": 16,
    "submitted_for_moderation": false,
    "created_at": "2021-02-04T17:58:35.696Z",
    "user": [
      "admin"
    ],
    "content_json": "{\"pk\": 16, \"path\": \"000100010005\", \"depth\": 3, \"numchild\": 0, \"title\": \"Component Page\", \"draft_title\": \"Component Page\", \"slug\": \"component-page\", \"content_type\": 20, \"live\": true, \"has_unpublished_changes\": false, \"url_path\": \"/home/component-page/\", \"owner\": 1, \"seo_title\": \"\", \"show_in_menus\": false, \"search_description\": \"\", \"go_live_at\": null, \"expire_at\": null, \"expired\": false, \"locked\": false, \"locked_at\": null, \"locked_by\": null, \"first_published_at\": \"2021-02-04T17:57:00.874Z\", \"last_published_at\": \"2021-02-04T17:57:36.189Z\", \"latest_revision_created_at\": \"2021-02-04T17:57:36.161Z\", \"live_revision\": 27, \"md_owner\": \"\", \"md_description\": \"\", \"md_gateway_ref\": \"\", \"md_pcc_reference\": \"\", \"excerpt\": \"\", \"body\": \"[{\\\"type\\\": \\\"recent_posts\\\", \\\"value\\\": {\\\"title\\\": \\\"Recent Posts\\\", \\\"type\\\": [\\\"post\\\", \\\"blog\\\"], \\\"num_posts\\\": 6, \\\"see_all_posts\\\": true, \\\"see_all_blogs\\\": true}, \\\"id\\\": \\\"5425d99f-d70e-472f-bde1-4ca6784fd13d\\\"}, {\\\"type\\\": \\\"text\\\", \\\"value\\\": \\\"<p>Test this page for the Recent Posts panel above</p>\\\", \\\"id\\\": \\\"ec8bd714-10a6-45a0-88be-0c61a03f2b38\\\"}]\", \"wp_id\": 0, \"parent\": null, \"source\": \"rooot\", \"wp_template\": null, \"wp_slug\": \"component-page\", \"real_parent\": null, \"wp_link\": \"\", \"raw_content\": null, \"model_fields\": \"\", \"content_fields\": \"\", \"content_field_blocks\": \"\", \"component_fields\": \"\", \"author\": \"\"}",
    "approved_go_live_at": null
  }
},
{
  "model": "wagtailcore.pagerevision",
  "pk": 38,
  "fields": {
    "page": 14,
    "submitted_for_moderation": false,
    "created_at": "2021-02-05T09:55:00.076Z",
    "user": [
      "admin"
    ],
    "content_json": "{\"pk\": 14, \"path\": \"0001000100040001\", \"depth\": 4, \"numchild\": 0, \"title\": \"Publication One\", \"draft_title\": \"Publication One\", \"slug\": \"publication-one\", \"content_type\": 23, \"live\": true, \"has_unpublished_changes\": false, \"url_path\": \"/home/publications-index-page/publication-one/\", \"owner\": 1, \"seo_title\": \"\", \"show_in_menus\": false, \"search_description\": \"\", \"go_live_at\": null, \"expire_at\": null, \"expired\": false, \"locked\": false, \"locked_at\": null, \"locked_by\": null, \"first_published_at\": \"2021-02-04T17:49:10.802Z\", \"last_published_at\": \"2021-02-04T17:49:10.802Z\", \"latest_revision_created_at\": \"2021-02-04T17:49:10.774Z\", \"live_revision\": 20, \"body\": \"<p>Publication one content</p>\", \"documents\": \"[{\\\"type\\\": \\\"document_group\\\", \\\"value\\\": [{\\\"type\\\": \\\"document\\\", \\\"value\\\": {\\\"title\\\": \\\"<p>Document Title</p>\\\", \\\"document\\\": 1, \\\"summary\\\": \\\"<p>Document Summary</p>\\\"}, \\\"id\\\": \\\"f23e858b-2ae6-4232-921a-4d347bfb3125\\\"}], \\\"id\\\": \\\"28f8d4eb-a922-4686-82da-a25cbee489db\\\"}]\", \"wp_id\": 0, \"source\": \"root\", \"wp_slug\": \"\", \"wp_link\": \"\", \"component_fields\": \"\", \"author\": \"\", \"publication_publication_type_relationship\": [{\"pk\": 1, \"publication\": 14, \"publication_type\": 1}], \"publicatiocategorypage_category_relationship\": [{\"pk\": 1, \"publication\": 14, \"category\": 1}]}",
    "approved_go_live_at": null
  }
},
{
  "model": "wagtailcore.pagerevision",
  "pk": 39,
  "fields": {
    "page": 15,
    "submitted_for_moderation": false,
    "created_at": "2021-02-05T09:56:46.303Z",
    "user": [
      "admin"
    ],
    "content_json": "{\"pk\": 15, \"path\": \"0001000100040002\", \"depth\": 4, \"numchild\": 0, \"title\": \"Publication Two\", \"draft_title\": \"Publication Two\", \"slug\": \"publication-two\", \"content_type\": 23, \"live\": true, \"has_unpublished_changes\": false, \"url_path\": \"/home/publications-index-page/publication-two/\", \"owner\": 1, \"seo_title\": \"\", \"show_in_menus\": false, \"search_description\": \"\", \"go_live_at\": null, \"expire_at\": null, \"expired\": false, \"locked\": false, \"locked_at\": null, \"locked_by\": null, \"first_published_at\": \"2021-02-04T17:49:52.030Z\", \"last_published_at\": \"2021-02-04T17:49:52.030Z\", \"latest_revision_created_at\": \"2021-02-04T17:49:52.007Z\", \"live_revision\": 21, \"body\": \"<p>Publication two content</p>\", \"documents\": \"[{\\\"type\\\": \\\"document_group\\\", \\\"value\\\": [{\\\"type\\\": \\\"document_link\\\", \\\"value\\\": {\\\"title\\\": \\\"<p>A Document With A Link To A Page</p>\\\", \\\"external_url\\\": \\\"\\\", \\\"page\\\": 4, \\\"summary\\\": \\\"\\\"}, \\\"id\\\": \\\"4aa4218d-a5df-4f3f-8880-d6e34651d297\\\"}], \\\"id\\\": \\\"32f28605-6db3-4edd-bf99-7a53574b0557\\\"}]\", \"wp_id\": 0, \"source\": \"root\", \"wp_slug\": \"\", \"wp_link\": \"\", \"component_fields\": \"\", \"author\": \"\", \"publication_publication_type_relationship\": [{\"pk\": 2, \"publication\": 15, \"publication_type\": 2}], \"publicatiocategorypage_category_relationship\": [{\"pk\": 2, \"publication\": 15, \"category\": 2}]}",
    "approved_go_live_at": null
  }
},
{
  "model": "wagtailcore.pagerevision",
  "pk": 46,
  "fields": {
    "page": 3,
    "submitted_for_moderation": false,
    "created_at": "2021-08-25T10:27:14.558Z",
    "user": [
      "nick"
    ],
    "content_json": "{\"pk\": 3, \"path\": \"00010001\", \"depth\": 2, \"numchild\": 6, \"translation_key\": \"7c7e44bb-9e9f-4c9f-90fa-35fb7a12cfe8\", \"locale\": 1, \"title\": \"Home\", \"draft_title\": \"Home\", \"slug\": \"home\", \"content_type\": 4, \"live\": true, \"has_unpublished_changes\": false, \"url_path\": \"/home/\", \"owner\": null, \"seo_title\": \"\", \"show_in_menus\": false, \"search_description\": \"\", \"go_live_at\": null, \"expire_at\": null, \"expired\": false, \"locked\": false, \"locked_at\": null, \"locked_by\": null, \"first_published_at\": \"2021-02-04T13:53:16.604Z\", \"last_published_at\": \"2021-08-25T10:16:13.492Z\", \"latest_revision_created_at\": \"2021-08-25T10:16:13.300Z\", \"live_revision\": 45, \"alias_of\": null, \"hero_text\": \"Hero text content\", \"hero_heading\": \"Hero Heading\", \"hero_image\": 2, \"body\": \"[{\\\"type\\\": \\\"promo_group\\\", \\\"value\\\": {\\\"column\\\": \\\"one-half\\\", \\\"body\\\": [{\\\"type\\\": \\\"card_basic\\\", \\\"value\\\": {\\\"heading\\\": \\\"Promo One Heading\\\", \\\"heading_level\\\": 3, \\\"heading_size\\\": \\\"\\\", \\\"body\\\": \\\"<p data-block-key=\\\\\\\"x6qo8\\\\\\\">Promo one body</p>\\\"}, \\\"id\\\": \\\"628c8ca6-c111-40ac-b91f-4a1ebed3322f\\\"}, {\\\"type\\\": \\\"card_image\\\", \\\"value\\\": {\\\"heading\\\": \\\"Promo Two Heading\\\", \\\"heading_level\\\": 3, \\\"heading_size\\\": \\\"\\\", \\\"body\\\": \\\"<p data-block-key=\\\\\\\"t6ken\\\\\\\">Promo two body</p>\\\", \\\"content_image\\\": 2, \\\"alt_text\\\": \\\"Image\\\", \\\"url\\\": \\\"\\\", \\\"internal_page\\\": null}, \\\"id\\\": \\\"8d584cf6-2659-4d0b-a56f-cc8eb2a23975\\\"}]}, \\\"id\\\": \\\"648916d9-0507-4db9-b4e6-94211cd921fe\\\"}, {\\\"type\\\": \\\"text\\\", \\\"value\\\": \\\"<p data-block-key=\\\\\\\"0dujw\\\\\\\">We cant test blocks that should lead to a wagtail page until the wagtail-nhs-frontend package is updated</p><p data-block-key=\\\\\\\"zvkba\\\\\\\"><a id=\\\\\\\"13\\\\\\\" linktype=\\\\\\\"page\\\\\\\">Publications</a></p><p data-block-key=\\\\\\\"1tfq1\\\\\\\"><a id=\\\\\\\"8\\\\\\\" linktype=\\\\\\\"page\\\\\\\">Atlas Case Studies</a></p><p data-block-key=\\\\\\\"ho1mm\\\\\\\"><a id=\\\\\\\"4\\\\\\\" linktype=\\\\\\\"page\\\\\\\">Blogs</a></p><p data-block-key=\\\\\\\"dpy4y\\\\\\\"><a id=\\\\\\\"10\\\\\\\" linktype=\\\\\\\"page\\\\\\\">News (posts)</a></p><p data-block-key=\\\\\\\"18k3l\\\\\\\"><a id=\\\\\\\"17\\\\\\\" linktype=\\\\\\\"page\\\\\\\">Base Page (test this for all block types)</a></p><p data-block-key=\\\\\\\"ox5qd\\\\\\\"><a id=\\\\\\\"16\\\\\\\" linktype=\\\\\\\"page\\\\\\\">Component Page</a></p>\\\", \\\"id\\\": \\\"9e13d127-cce8-45ba-b5cb-aa0a101bf08e\\\"}, {\\\"type\\\": \\\"warning_callout\\\", \\\"value\\\": {\\\"title\\\": \\\"Callout title?\\\", \\\"visually_hidden_prefix\\\": false, \\\"heading_level\\\": 3, \\\"body\\\": \\\"<p data-block-key=\\\\\\\"dk1yb\\\\\\\">Callout content</p><p data-block-key=\\\\\\\"gcyai\\\\\\\"><a id=\\\\\\\"3\\\\\\\" linktype=\\\\\\\"page\\\\\\\">Callout Link</a></p>\\\"}, \\\"id\\\": \\\"b77dcb0a-4e82-4df6-bf33-f3f99155f342\\\"}]\", \"comments\": []}",
    "approved_go_live_at": null
  }
},
{
  "model": "wagtailcore.pagerevision",
  "pk": 48,
  "fields": {
    "page": 17,
    "submitted_for_moderation": false,
    "created_at": "2021-08-25T11:16:58.591Z",
    "user": [
      "nick"
    ],
    "content_json": "{\"pk\": 17, \"path\": \"000100010006\", \"depth\": 3, \"numchild\": 0, \"translation_key\": \"95e5cb7c-60fa-4aaa-b199-f75b0420738f\", \"locale\": 1, \"title\": \"Base Page\", \"draft_title\": \"Base Page\", \"slug\": \"base-page\", \"content_type\": 17, \"live\": true, \"has_unpublished_changes\": false, \"url_path\": \"/home/base-page/\", \"owner\": 1, \"seo_title\": \"\", \"show_in_menus\": false, \"search_description\": \"\", \"go_live_at\": null, \"expire_at\": null, \"expired\": false, \"locked\": false, \"locked_at\": null, \"locked_by\": null, \"first_published_at\": \"2021-02-04T18:00:07.699Z\", \"last_published_at\": \"2021-08-25T11:16:14.174Z\", \"latest_revision_created_at\": \"2021-08-25T11:16:13.933Z\", \"live_revision\": 47, \"alias_of\": null, \"md_owner\": \"\", \"md_description\": \"\", \"md_gateway_ref\": \"\", \"md_pcc_reference\": \"\", \"excerpt\": \"\", \"body\": \"[{\\\"type\\\": \\\"text\\\", \\\"value\\\": \\\"<p data-block-key=\\\\\\\"uss91\\\\\\\">Test this page for every possible block type</p><p data-block-key=\\\\\\\"7p6df\\\\\\\">First block types are simple blocks e.g. they are not groups of blocks</p>\\\", \\\"id\\\": \\\"8654000b-5337-43e4-9692-7c28aeb80ca4\\\"}, {\\\"type\\\": \\\"action_link\\\", \\\"value\\\": {\\\"text\\\": \\\"Example Link\\\", \\\"external_url\\\": \\\"http://www.example.com\\\", \\\"new_window\\\": false, \\\"internal_page\\\": null}, \\\"id\\\": \\\"9f33448f-350a-4c42-98ef-47c67167a449\\\"}, {\\\"type\\\": \\\"action_link\\\", \\\"value\\\": {\\\"text\\\": \\\"Example Link New Window\\\", \\\"external_url\\\": \\\"http://www.example.com\\\", \\\"new_window\\\": true, \\\"internal_page\\\": null}, \\\"id\\\": \\\"743a772c-8547-4055-bf5b-077fbcd63e38\\\"}, {\\\"type\\\": \\\"do_list\\\", \\\"value\\\": {\\\"heading_level\\\": 3, \\\"label\\\": \\\"Do list block\\\", \\\"do\\\": [\\\"<p data-block-key=\\\\\\\"ea3ul\\\\\\\">Do One</p>\\\", \\\"<p data-block-key=\\\\\\\"689jx\\\\\\\">Do two</p>\\\"]}, \\\"id\\\": \\\"540f7b1c-3fe9-4d67-9922-0e6877bf04c2\\\"}, {\\\"type\\\": \\\"dont_list\\\", \\\"value\\\": {\\\"heading_level\\\": 3, \\\"label\\\": \\\"Dont list block\\\", \\\"dont\\\": [\\\"<p data-block-key=\\\\\\\"n0ybp\\\\\\\">Dont one</p>\\\", \\\"<p data-block-key=\\\\\\\"plouv\\\\\\\">Dont two</p>\\\"]}, \\\"id\\\": \\\"e9917ac2-fb2c-497d-8da2-08d6ea082818\\\"}, {\\\"type\\\": \\\"inset_text\\\", \\\"value\\\": {\\\"body\\\": \\\"<p data-block-key=\\\\\\\"maoum\\\\\\\">Inset text block</p>\\\"}, \\\"id\\\": \\\"7d784af4-6434-44ed-aeea-f64b77a5ca29\\\"}, {\\\"type\\\": \\\"image\\\", \\\"value\\\": {\\\"content_image\\\": 2, \\\"alt_text\\\": \\\"Image alt\\\", \\\"caption\\\": \\\"Image block\\\"}, \\\"id\\\": \\\"ebe10dad-6a61-40fa-b3f7-d9f4586364d9\\\"}, {\\\"type\\\": \\\"panel\\\", \\\"value\\\": {\\\"feature_heading\\\": \\\"Feature Block Heading\\\", \\\"heading_level\\\": 3, \\\"heading_size\\\": \\\"\\\", \\\"body\\\": \\\"<p data-block-key=\\\\\\\"g2t1k\\\\\\\">Feature block content</p>\\\"}, \\\"id\\\": \\\"2c4aa476-bca4-40b8-bb0f-d3e9a25ec94b\\\"}, {\\\"type\\\": \\\"panel_list\\\", \\\"value\\\": {\\\"column\\\": \\\"one-half\\\", \\\"body\\\": [{\\\"type\\\": \\\"card_basic\\\", \\\"value\\\": {\\\"heading\\\": \\\"Panel One Heading\\\", \\\"heading_level\\\": 3, \\\"heading_size\\\": \\\"\\\", \\\"body\\\": \\\"<p data-block-key=\\\\\\\"r5ek1\\\\\\\">Panel one body</p>\\\"}, \\\"id\\\": \\\"079aa3dc-2165-4c44-b170-704439e33bfe\\\"}, {\\\"type\\\": \\\"card_basic\\\", \\\"value\\\": {\\\"heading\\\": \\\"Panel Two Heading\\\", \\\"heading_level\\\": 3, \\\"heading_size\\\": \\\"\\\", \\\"body\\\": \\\"<p data-block-key=\\\\\\\"r5ek1\\\\\\\">Panel two body</p>\\\"}, \\\"id\\\": \\\"4f222142-74e6-440d-b352-e97e6ec8cfa7\\\"}]}, \\\"id\\\": \\\"4def2e4b-4012-4699-a31f-f9cdf76e7d86\\\"}, {\\\"type\\\": \\\"warning_callout\\\", \\\"value\\\": {\\\"title\\\": \\\"Warning callout block\\\", \\\"visually_hidden_prefix\\\": false, \\\"heading_level\\\": 3, \\\"body\\\": \\\"<p data-block-key=\\\\\\\"0qfbc\\\\\\\">Warning callout block content</p>\\\"}, \\\"id\\\": \\\"4b95c6cd-550b-45a6-91e8-f90556de28b4\\\"}, {\\\"type\\\": \\\"summary_list\\\", \\\"value\\\": {\\\"rows\\\": [{\\\"key\\\": \\\"Summary key\\\", \\\"value\\\": \\\"<p data-block-key=\\\\\\\"cl1me\\\\\\\">Summary value</p>\\\"}, {\\\"key\\\": \\\"Summary key\\\", \\\"value\\\": \\\"<p data-block-key=\\\\\\\"p58ak\\\\\\\">Summary value</p>\\\"}], \\\"no_border\\\": false}, \\\"id\\\": \\\"e0ff37c8-9ca3-4b90-8525-cc5cfda58454\\\"}, {\\\"type\\\": \\\"promo\\\", \\\"value\\\": {\\\"heading\\\": \\\"Promo\\\", \\\"heading_level\\\": 3, \\\"heading_size\\\": \\\"\\\", \\\"body\\\": \\\"\\\", \\\"content_image\\\": 2, \\\"alt_text\\\": \\\"Promo alt text\\\", \\\"url\\\": \\\"http://www.example.com\\\", \\\"internal_page\\\": null}, \\\"id\\\": \\\"de35eaea-6e7d-4f65-bb43-ccb3aa9dad72\\\"}, {\\\"type\\\": \\\"html\\\", \\\"value\\\": \\\"<script>\\\\r\\\\nvar key=\\\\\\\"value\\\\\\\";\\\\r\\\\n</script>\\\", \\\"id\\\": \\\"70e71bbd-8c10-47bf-964d-f6ef1309f416\\\"}, {\\\"type\\\": \\\"text\\\", \\\"value\\\": \\\"<p data-block-key=\\\\\\\"g7ufc\\\\\\\"></p><hr/><p data-block-key=\\\\\\\"0kw6q\\\\\\\">The flowing blocks are blocks that contain other blocks</p>\\\", \\\"id\\\": \\\"1a7478db-62d9-4aee-b5f4-a00143038625\\\"}, {\\\"type\\\": \\\"details\\\", \\\"value\\\": {\\\"title\\\": \\\"Details block with rich text\\\", \\\"body\\\": [{\\\"type\\\": \\\"richtext\\\", \\\"value\\\": \\\"<p data-block-key=\\\\\\\"5swi9\\\\\\\">Example rich text</p>\\\", \\\"id\\\": \\\"d956c2e7-4005-49d6-968e-a4a2e983e715\\\"}]}, \\\"id\\\": \\\"d0b15918-dc60-42c8-b96a-d101a7da5c21\\\"}, {\\\"type\\\": \\\"expander\\\", \\\"value\\\": {\\\"title\\\": \\\"Expander block with rich text\\\", \\\"body\\\": [{\\\"type\\\": \\\"richtext\\\", \\\"value\\\": \\\"<p data-block-key=\\\\\\\"rbanq\\\\\\\">Example expander block content</p>\\\", \\\"id\\\": \\\"38a98b26-33bb-475d-bbd9-ad41e7adff7a\\\"}, {\\\"type\\\": \\\"richtext\\\", \\\"value\\\": \\\"<p data-block-key=\\\\\\\"qe555\\\\\\\">Example expander block content</p>\\\", \\\"id\\\": \\\"974daf4a-c811-43db-a158-fa434dfe563d\\\"}]}, \\\"id\\\": \\\"a1555202-3034-4a43-aeea-7e6fce38953a\\\"}, {\\\"type\\\": \\\"expander_group\\\", \\\"value\\\": {\\\"expanders\\\": [{\\\"title\\\": \\\"Expander group block with rich text\\\", \\\"body\\\": [{\\\"type\\\": \\\"richtext\\\", \\\"value\\\": \\\"<p data-block-key=\\\\\\\"7pag7\\\\\\\">Example expander group block content</p>\\\", \\\"id\\\": \\\"2e5c6b9e-87ea-4188-ae57-19e0bafbcf27\\\"}, {\\\"type\\\": \\\"action_link\\\", \\\"value\\\": {\\\"text\\\": \\\"Example expander group block action link, opens a new window\\\", \\\"external_url\\\": \\\"http://www.example.com\\\", \\\"new_window\\\": true, \\\"internal_page\\\": null}, \\\"id\\\": \\\"c3b0a4e6-6fcc-45c7-afdf-77218cd8afc8\\\"}]}]}, \\\"id\\\": \\\"3f8844df-952b-43f9-805c-60d724487978\\\"}]\", \"wp_id\": 0, \"parent\": null, \"source\": \"root\", \"wp_template\": null, \"wp_slug\": \"base-page\", \"real_parent\": null, \"wp_link\": \"\", \"raw_content\": \"\", \"model_fields\": \"\", \"content_fields\": \"\", \"content_field_blocks\": \"\", \"component_fields\": \"\", \"author\": \"\", \"comments\": []}",
    "approved_go_live_at": null
  }
},
{
  "model": "wagtailcore.pagerevision",
  "pk": 50,
  "fields": {
    "page": 10,
    "submitted_for_moderation": false,
    "created_at": "2021-08-25T16:08:44.008Z",
    "user": [
      "admin2"
    ],
    "content_json": "{\"pk\": 10, \"path\": \"000100010003\", \"depth\": 3, \"numchild\": 2, \"translation_key\": \"6f6d8747-01ef-426b-9599-81f6ae97b881\", \"locale\": 1, \"title\": \"Post Index Page\", \"draft_title\": \"Post Index Page\", \"slug\": \"post-index-page\", \"content_type\": 14, \"live\": true, \"has_unpublished_changes\": true, \"url_path\": \"/home/post-index-page/\", \"owner\": 1, \"seo_title\": \"\", \"show_in_menus\": true, \"search_description\": \"\", \"go_live_at\": null, \"expire_at\": null, \"expired\": false, \"locked\": false, \"locked_at\": null, \"locked_by\": null, \"first_published_at\": \"2021-02-04T17:43:27.947Z\", \"last_published_at\": \"2021-02-04T17:43:27.947Z\", \"latest_revision_created_at\": \"2021-08-25T16:08:40.266Z\", \"live_revision\": 15, \"alias_of\": null, \"body\": \"<p data-block-key=\\\"qw1dw\\\">Post index page content</p>\", \"comments\": []}",
    "approved_go_live_at": null
  }
},
{
  "model": "wagtailcore.pagerevision",
  "pk": 51,
  "fields": {
    "page": 11,
    "submitted_for_moderation": false,
    "created_at": "2021-08-25T16:09:00.017Z",
    "user": [
      "admin2"
    ],
    "content_json": "{\"pk\": 11, \"path\": \"0001000100030001\", \"depth\": 4, \"numchild\": 0, \"translation_key\": \"b1e5d056-33b0-4fbf-bb34-fdbdf103285f\", \"locale\": 1, \"title\": \"Post One\", \"draft_title\": \"Post One\", \"slug\": \"post-one\", \"content_type\": 13, \"live\": true, \"has_unpublished_changes\": false, \"url_path\": \"/home/post-index-page/post-one/\", \"owner\": 1, \"seo_title\": \"\", \"show_in_menus\": true, \"search_description\": \"\", \"go_live_at\": null, \"expire_at\": null, \"expired\": false, \"locked\": false, \"locked_at\": null, \"locked_by\": null, \"first_published_at\": \"2021-02-04T17:44:09.122Z\", \"last_published_at\": \"2021-02-04T17:44:09.122Z\", \"latest_revision_created_at\": \"2021-02-04T17:44:09.098Z\", \"live_revision\": 16, \"alias_of\": null, \"body\": \"<p data-block-key=\\\"hi9aj\\\">Post one content</p>\", \"wp_id\": 0, \"source\": \"root\", \"wp_slug\": \"\", \"wp_link\": \"\", \"author\": \"\", \"comments\": [], \"categorypage_category_relationship\": [{\"pk\": 1, \"category_page\": 11, \"category\": 1}]}",
    "approved_go_live_at": null
  }
},
{
  "model": "wagtailcore.pagerevision",
  "pk": 52,
  "fields": {
    "page": 12,
    "submitted_for_moderation": false,
    "created_at": "2021-08-25T16:09:13.370Z",
    "user": [
      "admin2"
    ],
    "content_json": "{\"pk\": 12, \"path\": \"0001000100030002\", \"depth\": 4, \"numchild\": 0, \"translation_key\": \"6d9a2892-c2d6-4f6b-afa2-13127f04a693\", \"locale\": 1, \"title\": \"Post Two\", \"draft_title\": \"Post Two\", \"slug\": \"post-two\", \"content_type\": 13, \"live\": true, \"has_unpublished_changes\": false, \"url_path\": \"/home/post-index-page/post-two/\", \"owner\": 1, \"seo_title\": \"\", \"show_in_menus\": true, \"search_description\": \"\", \"go_live_at\": null, \"expire_at\": null, \"expired\": false, \"locked\": false, \"locked_at\": null, \"locked_by\": null, \"first_published_at\": \"2021-02-04T17:45:05.260Z\", \"last_published_at\": \"2021-02-04T17:45:05.260Z\", \"latest_revision_created_at\": \"2021-02-04T17:45:05.260Z\", \"live_revision\": 18, \"alias_of\": null, \"body\": \"<p data-block-key=\\\"v9o1z\\\">Post one content</p>\", \"wp_id\": 0, \"source\": \"root\", \"wp_slug\": \"\", \"wp_link\": \"\", \"author\": \"\", \"comments\": [], \"categorypage_category_relationship\": [{\"pk\": 2, \"category_page\": 12, \"category\": 1}]}",
    "approved_go_live_at": null
  }
},
{
  "model": "wagtailcore.page",
  "pk": 1,
  "fields": {
    "path": "0001",
    "depth": 1,
    "numchild": 1,
    "translation_key": "e3010d8e-c9b8-4621-b80c-94ab938c2419",
    "locale": 1,
    "title": "Root",
    "draft_title": "Root",
    "slug": "root",
    "content_type": [
      "wagtailcore",
      "page"
    ],
    "live": true,
    "has_unpublished_changes": false,
    "url_path": "/",
    "owner": null,
    "seo_title": "",
    "show_in_menus": false,
    "search_description": "",
    "go_live_at": null,
    "expire_at": null,
    "expired": false,
    "locked": false,
    "locked_at": null,
    "locked_by": null,
    "first_published_at": null,
    "last_published_at": null,
    "latest_revision_created_at": null,
    "live_revision": null,
    "alias_of": null
  }
},
{
  "model": "wagtailcore.page",
  "pk": 3,
  "fields": {
    "path": "00010001",
    "depth": 2,
    "numchild": 6,
    "translation_key": "7c7e44bb-9e9f-4c9f-90fa-35fb7a12cfe8",
    "locale": 1,
    "title": "Home",
    "draft_title": "Home",
    "slug": "home",
    "content_type": [
      "home",
      "homepage"
    ],
    "live": true,
    "has_unpublished_changes": false,
    "url_path": "/home/",
    "owner": null,
    "seo_title": "",
    "show_in_menus": false,
    "search_description": "",
    "go_live_at": null,
    "expire_at": null,
    "expired": false,
    "locked": false,
    "locked_at": null,
    "locked_by": null,
    "first_published_at": "2021-02-04T13:53:16.604Z",
    "last_published_at": "2021-08-25T10:27:14.788Z",
    "latest_revision_created_at": "2021-08-25T10:27:14.558Z",
    "live_revision": 46,
    "alias_of": null
  }
},
{
  "model": "wagtailcore.page",
  "pk": 4,
  "fields": {
    "path": "000100010001",
    "depth": 3,
    "numchild": 2,
    "translation_key": "759cd42c-94cd-4490-8022-2c20057952ff",
    "locale": 1,
    "title": "Blog Index Page",
    "draft_title": "Blog Index Page",
    "slug": "blog-index-page",
    "content_type": [
      "blogs",
      "blogindexpage"
    ],
    "live": true,
    "has_unpublished_changes": false,
    "url_path": "/home/blog-index-page/",
    "owner": [
      "admin"
    ],
    "seo_title": "",
    "show_in_menus": false,
    "search_description": "",
    "go_live_at": null,
    "expire_at": null,
    "expired": false,
    "locked": false,
    "locked_at": null,
    "locked_by": null,
    "first_published_at": "2021-02-04T17:23:11.002Z",
    "last_published_at": "2021-02-04T17:23:11.002Z",
    "latest_revision_created_at": "2021-02-04T17:23:10.962Z",
    "live_revision": 6,
    "alias_of": null
  }
},
{
  "model": "wagtailcore.page",
  "pk": 5,
  "fields": {
    "path": "0001000100010001",
    "depth": 4,
    "numchild": 0,
    "translation_key": "4ebf9363-a91e-4ee2-a4e0-1e0eac41f353",
    "locale": 1,
    "title": "Blog Post One",
    "draft_title": "Blog Post One",
    "slug": "blog-post-one",
    "content_type": [
      "blogs",
      "blog"
    ],
    "live": true,
    "has_unpublished_changes": false,
    "url_path": "/home/blog-index-page/blog-post-one/",
    "owner": [
      "admin"
    ],
    "seo_title": "",
    "show_in_menus": false,
    "search_description": "",
    "go_live_at": null,
    "expire_at": null,
    "expired": false,
    "locked": false,
    "locked_at": null,
    "locked_by": null,
    "first_published_at": "2021-02-04T17:25:17.986Z",
    "last_published_at": "2021-02-04T17:26:07.194Z",
    "latest_revision_created_at": "2021-02-04T17:26:07.168Z",
    "live_revision": 8,
    "alias_of": null
  }
},
{
  "model": "wagtailcore.page",
  "pk": 6,
  "fields": {
    "path": "0001000100010002",
    "depth": 4,
    "numchild": 0,
    "translation_key": "bfe2c7ab-4145-4f58-90bb-00ae9ac2bbfc",
    "locale": 1,
    "title": "Blog Post Two",
    "draft_title": "Blog Post Two",
    "slug": "blog-post-two",
    "content_type": [
      "blogs",
      "blog"
    ],
    "live": true,
    "has_unpublished_changes": false,
    "url_path": "/home/blog-index-page/blog-post-two/",
    "owner": [
      "admin"
    ],
    "seo_title": "",
    "show_in_menus": false,
    "search_description": "",
    "go_live_at": null,
    "expire_at": null,
    "expired": false,
    "locked": false,
    "locked_at": null,
    "locked_by": null,
    "first_published_at": "2021-02-04T17:26:56.432Z",
    "last_published_at": "2021-02-04T17:26:56.432Z",
    "latest_revision_created_at": "2021-02-04T17:26:56.396Z",
    "live_revision": 9,
    "alias_of": null
  }
},
{
  "model": "wagtailcore.page",
  "pk": 10,
  "fields": {
    "path": "000100010003",
    "depth": 3,
    "numchild": 2,
    "translation_key": "6f6d8747-01ef-426b-9599-81f6ae97b881",
    "locale": 1,
    "title": "Post Index Page",
    "draft_title": "Post Index Page",
    "slug": "post-index-page",
    "content_type": [
      "posts",
      "postindexpage"
    ],
    "live": true,
    "has_unpublished_changes": false,
    "url_path": "/home/post-index-page/",
    "owner": [
      "admin"
    ],
    "seo_title": "",
    "show_in_menus": true,
    "search_description": "",
    "go_live_at": null,
    "expire_at": null,
    "expired": false,
    "locked": false,
    "locked_at": null,
    "locked_by": null,
    "first_published_at": "2021-02-04T17:43:27.947Z",
    "last_published_at": "2021-08-25T16:08:44.193Z",
    "latest_revision_created_at": "2021-08-25T16:08:44.008Z",
    "live_revision": 50,
    "alias_of": null
  }
},
{
  "model": "wagtailcore.page",
  "pk": 11,
  "fields": {
    "path": "0001000100030001",
    "depth": 4,
    "numchild": 0,
    "translation_key": "b1e5d056-33b0-4fbf-bb34-fdbdf103285f",
    "locale": 1,
    "title": "Post One",
    "draft_title": "Post One",
    "slug": "post-one",
    "content_type": [
      "posts",
      "post"
    ],
    "live": true,
    "has_unpublished_changes": false,
    "url_path": "/home/post-index-page/post-one/",
    "owner": [
      "admin"
    ],
    "seo_title": "",
    "show_in_menus": true,
    "search_description": "",
    "go_live_at": null,
    "expire_at": null,
    "expired": false,
    "locked": false,
    "locked_at": null,
    "locked_by": null,
    "first_published_at": "2021-02-04T17:44:09.122Z",
    "last_published_at": "2021-08-25T16:09:00.178Z",
    "latest_revision_created_at": "2021-08-25T16:09:00.017Z",
    "live_revision": 51,
    "alias_of": null
  }
},
{
  "model": "wagtailcore.page",
  "pk": 12,
  "fields": {
    "path": "0001000100030002",
    "depth": 4,
    "numchild": 0,
    "translation_key": "6d9a2892-c2d6-4f6b-afa2-13127f04a693",
    "locale": 1,
    "title": "Post Two",
    "draft_title": "Post Two",
    "slug": "post-two",
    "content_type": [
      "posts",
      "post"
    ],
    "live": true,
    "has_unpublished_changes": false,
    "url_path": "/home/post-index-page/post-two/",
    "owner": [
      "admin"
    ],
    "seo_title": "",
    "show_in_menus": true,
    "search_description": "",
    "go_live_at": null,
    "expire_at": null,
    "expired": false,
    "locked": false,
    "locked_at": null,
    "locked_by": null,
    "first_published_at": "2021-02-04T17:45:05.260Z",
    "last_published_at": "2021-08-25T16:09:13.530Z",
    "latest_revision_created_at": "2021-08-25T16:09:13.370Z",
    "live_revision": 52,
    "alias_of": null
  }
},
{
  "model": "wagtailcore.page",
  "pk": 13,
  "fields": {
    "path": "000100010004",
    "depth": 3,
    "numchild": 2,
    "translation_key": "6a595f0e-2ccd-4e9f-a851-8c27c4bcb8b7",
    "locale": 1,
    "title": "Publications Index Page",
    "draft_title": "Publications Index Page",
    "slug": "publications-index-page",
    "content_type": [
      "publications",
      "publicationindexpage"
    ],
    "live": true,
    "has_unpublished_changes": false,
    "url_path": "/home/publications-index-page/",
    "owner": [
      "admin"
    ],
    "seo_title": "",
    "show_in_menus": false,
    "search_description": "",
    "go_live_at": null,
    "expire_at": null,
    "expired": false,
    "locked": false,
    "locked_at": null,
    "locked_by": null,
    "first_published_at": "2021-02-04T17:47:09.179Z",
    "last_published_at": "2021-02-04T17:47:09.179Z",
    "latest_revision_created_at": "2021-02-04T17:47:09.156Z",
    "live_revision": 19,
    "alias_of": null
  }
},
{
  "model": "wagtailcore.page",
  "pk": 14,
  "fields": {
    "path": "0001000100040001",
    "depth": 4,
    "numchild": 0,
    "translation_key": "471800d2-c702-4a73-84bf-7247ac3c8425",
    "locale": 1,
    "title": "Publication One",
    "draft_title": "Publication One",
    "slug": "publication-one",
    "content_type": [
      "publications",
      "publication"
    ],
    "live": true,
    "has_unpublished_changes": false,
    "url_path": "/home/publications-index-page/publication-one/",
    "owner": [
      "admin"
    ],
    "seo_title": "",
    "show_in_menus": false,
    "search_description": "",
    "go_live_at": null,
    "expire_at": null,
    "expired": false,
    "locked": false,
    "locked_at": null,
    "locked_by": null,
    "first_published_at": "2021-02-04T17:49:10.802Z",
    "last_published_at": "2021-02-05T09:55:00.106Z",
    "latest_revision_created_at": "2021-02-05T09:55:00.076Z",
    "live_revision": 38,
    "alias_of": null
  }
},
{
  "model": "wagtailcore.page",
  "pk": 15,
  "fields": {
    "path": "0001000100040002",
    "depth": 4,
    "numchild": 0,
    "translation_key": "1fcc90e9-4e32-442f-825a-b61ddf78d071",
    "locale": 1,
    "title": "Publication Two",
    "draft_title": "Publication Two",
    "slug": "publication-two",
    "content_type": [
      "publications",
      "publication"
    ],
    "live": true,
    "has_unpublished_changes": false,
    "url_path": "/home/publications-index-page/publication-two/",
    "owner": [
      "admin"
    ],
    "seo_title": "",
    "show_in_menus": false,
    "search_description": "",
    "go_live_at": null,
    "expire_at": null,
    "expired": false,
    "locked": false,
    "locked_at": null,
    "locked_by": null,
    "first_published_at": "2021-02-04T17:49:52.030Z",
    "last_published_at": "2021-02-05T09:56:46.353Z",
    "latest_revision_created_at": "2021-02-05T09:56:46.303Z",
    "live_revision": 39,
    "alias_of": null
  }
},
{
  "model": "wagtailcore.page",
  "pk": 16,
  "fields": {
    "path": "000100010005",
    "depth": 3,
    "numchild": 0,
    "translation_key": "2ab4330d-a4ca-489c-80ec-07c0fded9af4",
    "locale": 1,
    "title": "Component Page",
    "draft_title": "Component Page",
    "slug": "component-page",
    "content_type": [
      "pages",
      "componentspage"
    ],
    "live": true,
    "has_unpublished_changes": false,
    "url_path": "/home/component-page/",
    "owner": [
      "admin"
    ],
    "seo_title": "",
    "show_in_menus": false,
    "search_description": "",
    "go_live_at": null,
    "expire_at": null,
    "expired": false,
    "locked": false,
    "locked_at": null,
    "locked_by": null,
    "first_published_at": "2021-02-04T17:57:00.874Z",
    "last_published_at": "2021-02-04T17:58:35.719Z",
    "latest_revision_created_at": "2021-02-04T17:58:35.696Z",
    "live_revision": 28,
    "alias_of": null
  }
},
{
  "model": "wagtailcore.page",
  "pk": 17,
  "fields": {
    "path": "000100010006",
    "depth": 3,
    "numchild": 0,
    "translation_key": "95e5cb7c-60fa-4aaa-b199-f75b0420738f",
    "locale": 1,
    "title": "Base Page",
    "draft_title": "Base Page",
    "slug": "base-page",
    "content_type": [
      "pages",
      "basepage"
    ],
    "live": true,
    "has_unpublished_changes": false,
    "url_path": "/home/base-page/",
    "owner": [
      "admin"
    ],
    "seo_title": "",
    "show_in_menus": false,
    "search_description": "",
    "go_live_at": null,
    "expire_at": null,
    "expired": false,
    "locked": false,
    "locked_at": null,
    "locked_by": null,
    "first_published_at": "2021-02-04T18:00:07.699Z",
    "last_published_at": "2021-08-25T11:16:58.816Z",
    "latest_revision_created_at": "2021-08-25T11:16:58.591Z",
    "live_revision": 48,
    "alias_of": null
  }
},
{
  "model": "wagtailcore.groupcollectionpermission",
  "fields": {
    "group": [
      "Editors"
    ],
    "collection": 1,
    "permission": [
      "add_image",
      "wagtailimages",
      "image"
    ]
  }
},
{
  "model": "wagtailcore.groupcollectionpermission",
  "fields": {
    "group": [
      "Moderators"
    ],
    "collection": 1,
    "permission": [
      "add_image",
      "wagtailimages",
      "image"
    ]
  }
},
{
  "model": "wagtailcore.groupcollectionpermission",
  "fields": {
    "group": [
      "Editors"
    ],
    "collection": 1,
    "permission": [
      "change_image",
      "wagtailimages",
      "image"
    ]
  }
},
{
  "model": "wagtailcore.groupcollectionpermission",
  "fields": {
    "group": [
      "Moderators"
    ],
    "collection": 1,
    "permission": [
      "change_image",
      "wagtailimages",
      "image"
    ]
  }
},
{
  "model": "wagtailcore.groupcollectionpermission",
  "fields": {
    "group": [
      "Editors"
    ],
    "collection": 1,
    "permission": [
      "add_document",
      "wagtaildocs",
      "document"
    ]
  }
},
{
  "model": "wagtailcore.groupcollectionpermission",
  "fields": {
    "group": [
      "Moderators"
    ],
    "collection": 1,
    "permission": [
      "add_document",
      "wagtaildocs",
      "document"
    ]
  }
},
{
  "model": "wagtailcore.groupcollectionpermission",
  "fields": {
    "group": [
      "Editors"
    ],
    "collection": 1,
    "permission": [
      "change_document",
      "wagtaildocs",
      "document"
    ]
  }
},
{
  "model": "wagtailcore.groupcollectionpermission",
  "fields": {
    "group": [
      "Moderators"
    ],
    "collection": 1,
    "permission": [
      "change_document",
      "wagtaildocs",
      "document"
    ]
  }
},
{
  "model": "wagtailcore.groupcollectionpermission",
  "fields": {
    "group": [
      "Editors"
    ],
    "collection": 1,
    "permission": [
      "choose_document",
      "wagtaildocs",
      "document"
    ]
  }
},
{
  "model": "wagtailcore.groupcollectionpermission",
  "fields": {
    "group": [
      "Moderators"
    ],
    "collection": 1,
    "permission": [
      "choose_document",
      "wagtaildocs",
      "document"
    ]
  }
},
{
  "model": "wagtailimages.image",
  "pk": 2,
  "fields": {
    "collection": 1,
    "title": "homepage-hero-image.original.jpg",
    "file": "original_images/homepage-hero-image.original.jpg",
    "width": 1450,
    "height": 325,
    "created_at": "2021-02-05T09:51:52.969Z",
    "uploaded_by_user": [
      "admin"
    ],
    "focal_point_x": null,
    "focal_point_y": null,
    "focal_point_width": null,
    "focal_point_height": null,
    "file_size": 54603,
    "file_hash": "e6c1ad3768e27abd367bd085c0e5f46a02d9bbf4"
  }
},
{
  "model": "wagtaildocs.document",
  "pk": 1,
  "fields": {
    "collection": 1,
    "title": "A sample PDF",
    "file": "documents/sample-pdf-file.pdf",
    "created_at": "2021-02-05T09:54:43.427Z",
    "uploaded_by_user": [
      "admin"
    ],
    "file_size": 7760,
    "file_hash": "35023b7b6aaf7c81edbccb66d03ba35e12e6dee7"
  }
},
{
  "model": "wagtailusers.userprofile",
  "pk": 1,
  "fields": {
    "user": [
      "nick"
    ],
    "submitted_notifications": true,
    "approved_notifications": true,
    "rejected_notifications": true,
    "updated_comments_notifications": true,
    "preferred_language": "",
    "current_time_zone": "",
    "avatar": ""
  }
},
{
  "model": "wagtailusers.userprofile",
  "pk": 2,
  "fields": {
    "user": [
      "admin2"
    ],
    "submitted_notifications": true,
    "approved_notifications": true,
    "rejected_notifications": true,
    "updated_comments_notifications": true,
    "preferred_language": "",
    "current_time_zone": "",
    "avatar": ""
  }
},
{
  "model": "core.coresettings",
  "pk": 1,
  "fields": {
    "site": [
      "localhost",
      80
    ],
    "alert_banner": "<h2>Alert Banner Title</h2><p><a id=\"3\" linktype=\"page\">Alert banner link</a></p><p>Alert banner content</p>",
    "is_visible": true,
    "header_extra": "",
    "footer_extra": ""
  }
},
{
  "model": "publications.publication",
  "pk": 14,
  "fields": {
    "categorypage_ptr": 14,
    "body": "<p>Publication one content</p>",
    "documents": "[{\"type\": \"document_group\", \"value\": [{\"type\": \"document\", \"value\": {\"title\": \"<p>Document Title</p>\", \"document\": 1, \"summary\": \"<p>Document Summary</p>\"}, \"id\": \"f23e858b-2ae6-4232-921a-4d347bfb3125\"}], \"id\": \"28f8d4eb-a922-4686-82da-a25cbee489db\"}]",
    "wp_id": 0,
    "source": "root",
    "wp_slug": "",
    "wp_link": "",
    "component_fields": "",
    "author": ""
  }
},
{
  "model": "publications.publication",
  "pk": 15,
  "fields": {
    "categorypage_ptr": 15,
    "body": "<p>Publication two content</p>",
    "documents": "[{\"type\": \"document_group\", \"value\": [{\"type\": \"document_link\", \"value\": {\"title\": \"<p>A Document With A Link To A Page</p>\", \"external_url\": \"\", \"page\": 4, \"summary\": \"\"}, \"id\": \"4aa4218d-a5df-4f3f-8880-d6e34651d297\"}], \"id\": \"32f28605-6db3-4edd-bf99-7a53574b0557\"}]",
    "wp_id": 0,
    "source": "root",
    "wp_slug": "",
    "wp_link": "",
    "component_fields": "",
    "author": ""
  }
},
{
  "model": "publications.publicationindexpage",
  "pk": 13,
  "fields": {
    "page_ptr": 13,
    "body": "<p>Publications index page content</p>"
  }
},
{
  "model": "pages.componentspage",
  "pk": 16,
  "fields": {
    "page_ptr": 16,
    "md_owner": "",
    "md_description": "",
    "md_gateway_ref": "",
    "md_pcc_reference": "",
    "excerpt": "",
    "body": "[{\"type\": \"recent_posts\", \"value\": {\"title\": \"Recent Posts\", \"type\": [\"post\", \"blog\"], \"num_posts\": 6, \"see_all_posts\": true, \"see_all_blogs\": true}, \"id\": \"5425d99f-d70e-472f-bde1-4ca6784fd13d\"}, {\"type\": \"text\", \"value\": \"<p>Test this page for the Recent Posts panel above</p>\", \"id\": \"ec8bd714-10a6-45a0-88be-0c61a03f2b38\"}]",
    "wp_id": 0,
    "parent": null,
    "source": "rooot",
    "wp_template": null,
    "wp_slug": "component-page",
    "real_parent": null,
    "wp_link": "",
    "raw_content": null,
    "model_fields": "",
    "content_fields": "",
    "content_field_blocks": "",
    "component_fields": "",
    "author": ""
  }
},
{
  "model": "pages.basepage",
  "pk": 17,
  "fields": {
    "page_ptr": 17,
    "md_owner": "",
    "md_description": "",
    "md_gateway_ref": "",
    "md_pcc_reference": "",
    "excerpt": "",
    "body": "[{\"type\": \"text\", \"value\": \"<p data-block-key=\\\"uss91\\\">Test this page for every possible block type</p><p data-block-key=\\\"7p6df\\\">First block types are simple blocks e.g. they are not groups of blocks</p>\", \"id\": \"8654000b-5337-43e4-9692-7c28aeb80ca4\"}, {\"type\": \"action_link\", \"value\": {\"text\": \"Example Link\", \"external_url\": \"http://www.example.com\", \"new_window\": false, \"internal_page\": null}, \"id\": \"9f33448f-350a-4c42-98ef-47c67167a449\"}, {\"type\": \"action_link\", \"value\": {\"text\": \"Example Link New Window\", \"external_url\": \"http://www.example.com\", \"new_window\": true, \"internal_page\": null}, \"id\": \"743a772c-8547-4055-bf5b-077fbcd63e38\"}, {\"type\": \"do_list\", \"value\": {\"heading_level\": 3, \"label\": \"Do list block\", \"do\": [\"<p data-block-key=\\\"ea3ul\\\">Do One</p>\", \"<p data-block-key=\\\"689jx\\\">Do two</p>\"]}, \"id\": \"540f7b1c-3fe9-4d67-9922-0e6877bf04c2\"}, {\"type\": \"dont_list\", \"value\": {\"heading_level\": 3, \"label\": \"Dont list block\", \"dont\": [\"<p data-block-key=\\\"n0ybp\\\">Dont one</p>\", \"<p data-block-key=\\\"plouv\\\">Dont two</p>\"]}, \"id\": \"e9917ac2-fb2c-497d-8da2-08d6ea082818\"}, {\"type\": \"inset_text\", \"value\": {\"body\": \"<p data-block-key=\\\"maoum\\\">Inset text block</p>\"}, \"id\": \"7d784af4-6434-44ed-aeea-f64b77a5ca29\"}, {\"type\": \"image\", \"value\": {\"content_image\": 2, \"alt_text\": \"Image alt\", \"caption\": \"Image block\"}, \"id\": \"ebe10dad-6a61-40fa-b3f7-d9f4586364d9\"}, {\"type\": \"panel\", \"value\": {\"feature_heading\": \"Feature Block Heading\", \"heading_level\": 3, \"heading_size\": \"\", \"body\": \"<p data-block-key=\\\"g2t1k\\\">Feature block content</p>\"}, \"id\": \"2c4aa476-bca4-40b8-bb0f-d3e9a25ec94b\"}, {\"type\": \"panel_list\", \"value\": {\"column\": \"one-half\", \"body\": [{\"type\": \"card_basic\", \"value\": {\"heading\": \"Panel One Heading\", \"heading_level\": 3, \"heading_size\": \"\", \"body\": \"<p data-block-key=\\\"r5ek1\\\">Panel one body</p>\"}, \"id\": \"079aa3dc-2165-4c44-b170-704439e33bfe\"}, {\"type\": \"card_basic\", \"value\": {\"heading\": \"Panel Two Heading\", \"heading_level\": 3, \"heading_size\": \"\", \"body\": \"<p data-block-key=\\\"r5ek1\\\">Panel two body</p>\"}, \"id\": \"4f222142-74e6-440d-b352-e97e6ec8cfa7\"}]}, \"id\": \"4def2e4b-4012-4699-a31f-f9cdf76e7d86\"}, {\"type\": \"warning_callout\", \"value\": {\"title\": \"Warning callout block\", \"visually_hidden_prefix\": false, \"heading_level\": 3, \"body\": \"<p data-block-key=\\\"0qfbc\\\">Warning callout block content</p>\"}, \"id\": \"4b95c6cd-550b-45a6-91e8-f90556de28b4\"}, {\"type\": \"summary_list\", \"value\": {\"rows\": [{\"key\": \"Summary key\", \"value\": \"<p data-block-key=\\\"cl1me\\\">Summary value</p>\"}, {\"key\": \"Summary key\", \"value\": \"<p data-block-key=\\\"p58ak\\\">Summary value</p>\"}], \"no_border\": false}, \"id\": \"e0ff37c8-9ca3-4b90-8525-cc5cfda58454\"}, {\"type\": \"promo\", \"value\": {\"heading\": \"Promo\", \"heading_level\": 3, \"heading_size\": \"\", \"body\": \"\", \"content_image\": 2, \"alt_text\": \"Promo alt text\", \"url\": \"http://www.example.com\", \"internal_page\": null}, \"id\": \"de35eaea-6e7d-4f65-bb43-ccb3aa9dad72\"}, {\"type\": \"html\", \"value\": \"<script>\\r\\nvar key=\\\"value\\\";\\r\\n</script>\", \"id\": \"70e71bbd-8c10-47bf-964d-f6ef1309f416\"}, {\"type\": \"text\", \"value\": \"<p data-block-key=\\\"g7ufc\\\"></p><hr/><p data-block-key=\\\"0kw6q\\\">The flowing blocks are blocks that contain other blocks</p>\", \"id\": \"1a7478db-62d9-4aee-b5f4-a00143038625\"}, {\"type\": \"details\", \"value\": {\"title\": \"Details block with rich text\", \"body\": [{\"type\": \"richtext\", \"value\": \"<p data-block-key=\\\"5swi9\\\">Example rich text</p>\", \"id\": \"d956c2e7-4005-49d6-968e-a4a2e983e715\"}]}, \"id\": \"d0b15918-dc60-42c8-b96a-d101a7da5c21\"}, {\"type\": \"expander\", \"value\": {\"title\": \"Expander block with rich text\", \"body\": [{\"type\": \"richtext\", \"value\": \"<p data-block-key=\\\"rbanq\\\">Example expander block content</p>\", \"id\": \"38a98b26-33bb-475d-bbd9-ad41e7adff7a\"}, {\"type\": \"richtext\", \"value\": \"<p data-block-key=\\\"qe555\\\">Example expander block content</p>\", \"id\": \"974daf4a-c811-43db-a158-fa434dfe563d\"}]}, \"id\": \"a1555202-3034-4a43-aeea-7e6fce38953a\"}, {\"type\": \"expander_group\", \"value\": {\"expanders\": [{\"title\": \"Expander group block with rich text\", \"body\": [{\"type\": \"richtext\", \"value\": \"<p data-block-key=\\\"7pag7\\\">Example expander group block content</p>\", \"id\": \"2e5c6b9e-87ea-4188-ae57-19e0bafbcf27\"}, {\"type\": \"action_link\", \"value\": {\"text\": \"Example expander group block action link, opens a new window\", \"external_url\": \"http://www.example.com\", \"new_window\": true, \"internal_page\": null}, \"id\": \"c3b0a4e6-6fcc-45c7-afdf-77218cd8afc8\"}]}]}, \"id\": \"3f8844df-952b-43f9-805c-60d724487978\"}]",
    "wp_id": 0,
    "parent": null,
    "source": "root",
    "wp_template": null,
    "wp_slug": "base-page",
    "real_parent": null,
    "wp_link": "",
    "raw_content": "",
    "model_fields": "",
    "content_fields": "",
    "content_field_blocks": "",
    "component_fields": "",
    "author": ""
  }
},
{
  "model": "blogs.blog",
  "pk": 5,
  "fields": {
    "categorypage_ptr": 5,
    "body": "<p>Blog Post Content</p><p>Lorem ipsum dolor sit amet, consectetur adipiscing elit. Vestibulum id ligula porta felis euismod semper. Duis mollis, est non commodo luctus, nisi erat porttitor ligula, eget lacinia odio sem nec elit. Praesent commodo cursus magna, vel scelerisque nisl consectetur et.</p>",
    "wp_id": 0,
    "source": "root",
    "wp_slug": "",
    "wp_link": "",
    "author": ""
  }
},
{
  "model": "blogs.blog",
  "pk": 6,
  "fields": {
    "categorypage_ptr": 6,
    "body": "<p>Blog Post Two</p><p>Lorem ipsum dolor sit amet, consectetur adipiscing elit. Vestibulum id ligula porta felis euismod semper. Duis mollis, est non commodo luctus, nisi erat porttitor ligula, eget lacinia odio sem nec elit. Praesent commodo cursus magna, vel scelerisque nisl consectetur et.</p><p>Lorem ipsum dolor sit amet, consectetur adipiscing elit. Vestibulum id ligula porta felis euismod semper. Duis mollis, est non commodo luctus, nisi erat porttitor ligula, eget lacinia odio sem nec elit. Praesent commodo cursus magna, vel scelerisque nisl consectetur et.</p>",
    "wp_id": 0,
    "source": "root",
    "wp_slug": "",
    "wp_link": "",
    "author": ""
  }
},
{
  "model": "blogs.blogindexpage",
  "pk": 4,
  "fields": {
    "page_ptr": 4,
    "body": "<p>Blog Index Content</p>"
  }
},
{
  "model": "posts.post",
  "pk": 11,
  "fields": {
    "categorypage_ptr": 11,
    "body": "<p data-block-key=\"hi9aj\">Post one content</p>",
    "wp_id": 0,
    "source": "root",
    "wp_slug": "",
    "wp_link": "",
    "author": ""
  }
},
{
  "model": "posts.post",
  "pk": 12,
  "fields": {
    "categorypage_ptr": 12,
    "body": "<p data-block-key=\"v9o1z\">Post one content</p>",
    "wp_id": 0,
    "source": "root",
    "wp_slug": "",
    "wp_link": "",
    "author": ""
  }
},
{
  "model": "posts.postindexpage",
  "pk": 10,
  "fields": {
    "page_ptr": 10,
    "body": "<p data-block-key=\"qw1dw\">Post index page content</p>"
  }
},
{
  "model": "categories.categorypage",
  "pk": 5,
  "fields": {
    "page_ptr": 5
  }
},
{
  "model": "categories.categorypage",
  "pk": 6,
  "fields": {
    "page_ptr": 6
  }
},
{
  "model": "categories.categorypage",
  "pk": 11,
  "fields": {
    "page_ptr": 11
  }
},
{
  "model": "categories.categorypage",
  "pk": 12,
  "fields": {
    "page_ptr": 12
  }
},
{
  "model": "categories.categorypage",
  "pk": 14,
  "fields": {
    "page_ptr": 14
  }
},
{
  "model": "categories.categorypage",
  "pk": 15,
  "fields": {
    "page_ptr": 15
  }
},
{
  "model": "home.homepage",
  "pk": 3,
  "fields": {
    "page_ptr": 3,
    "hero_text": "Hero text content",
    "hero_heading": "Hero Heading",
    "hero_image": 2,
    "body": "[{\"type\": \"promo_group\", \"value\": {\"column\": \"one-half\", \"body\": [{\"type\": \"card_basic\", \"value\": {\"heading\": \"Promo One Heading\", \"heading_level\": 3, \"heading_size\": \"\", \"body\": \"<p data-block-key=\\\"x6qo8\\\">Promo one body</p>\"}, \"id\": \"628c8ca6-c111-40ac-b91f-4a1ebed3322f\"}, {\"type\": \"card_image\", \"value\": {\"heading\": \"Promo Two Heading\", \"heading_level\": 3, \"heading_size\": \"\", \"body\": \"<p data-block-key=\\\"t6ken\\\">Promo two body</p>\", \"content_image\": 2, \"alt_text\": \"Image\", \"url\": \"\", \"internal_page\": null}, \"id\": \"8d584cf6-2659-4d0b-a56f-cc8eb2a23975\"}]}, \"id\": \"648916d9-0507-4db9-b4e6-94211cd921fe\"}, {\"type\": \"text\", \"value\": \"<p data-block-key=\\\"0dujw\\\">We cant test blocks that should lead to a wagtail page until the wagtail-nhs-frontend package is updated</p><p data-block-key=\\\"zvkba\\\"><a id=\\\"13\\\" linktype=\\\"page\\\">Publications</a></p><p data-block-key=\\\"1tfq1\\\"><a id=\\\"8\\\" linktype=\\\"page\\\">Atlas Case Studies</a></p><p data-block-key=\\\"ho1mm\\\"><a id=\\\"4\\\" linktype=\\\"page\\\">Blogs</a></p><p data-block-key=\\\"dpy4y\\\"><a id=\\\"10\\\" linktype=\\\"page\\\">News (posts)</a></p><p data-block-key=\\\"18k3l\\\"><a id=\\\"17\\\" linktype=\\\"page\\\">Base Page (test this for all block types)</a></p><p data-block-key=\\\"ox5qd\\\"><a id=\\\"16\\\" linktype=\\\"page\\\">Component Page</a></p>\", \"id\": \"9e13d127-cce8-45ba-b5cb-aa0a101bf08e\"}, {\"type\": \"warning_callout\", \"value\": {\"title\": \"Callout title?\", \"visually_hidden_prefix\": false, \"heading_level\": 3, \"body\": \"<p data-block-key=\\\"dk1yb\\\">Callout content</p><p data-block-key=\\\"gcyai\\\"><a id=\\\"3\\\" linktype=\\\"page\\\">Callout Link</a></p>\"}, \"id\": \"b77dcb0a-4e82-4df6-bf33-f3f99155f342\"}]"
  }
}
]
